,ID1,ID2,Similarity,comp1,comp2,comprop1,comprop2,prop,SET,data
0,0,159,0.5,<freesolv>|C(Br)Br,<freesolv>|C(CBr)Br,-1.96,-2.33,0.3700000000000001,train,freesolv
1,1,446,0.5333333333333333,<freesolv>|C(C(Cl)(Cl)Cl)Cl,<freesolv>|C(Cl)(Cl)(Cl)Cl,-1.43,0.08,-1.51,train,freesolv
2,2,290,0.3076923076923077,<freesolv>|C[C@H]1CCCO1,<freesolv>|CC1CCCC1,-3.3,1.59,-4.89,train,freesolv
3,3,252,0.7368421052631579,<freesolv>|C1CC=CC1,<freesolv>|C1CCC=CC1,0.56,0.14,0.42000000000000004,train,freesolv
4,4,446,0.47058823529411764,<freesolv>|C(C(Cl)(Cl)Cl)(Cl)Cl,<freesolv>|C(Cl)(Cl)(Cl)Cl,-1.23,0.08,-1.31,train,freesolv
5,5,482,0.88,<freesolv>|CCCCCCCN,<freesolv>|CCCCCCCCN,-3.79,-3.65,-0.14000000000000012,train,freesolv
6,6,348,0.5,<freesolv>|CC(C)C,<freesolv>|CC(C)C(C)C,2.3,2.34,-0.040000000000000036,train,freesolv
7,7,478,0.8421052631578947,<freesolv>|CCCCCC,<freesolv>|CCCCCCC,2.48,2.67,-0.18999999999999995,train,freesolv
8,8,365,0.46511627906976744,<freesolv>|c1cc(cc(c1)C(F)(F)F)C(F)(F)F,<freesolv>|c1ccc(cc1)C(F)(F)F,1.07,-0.25,1.32,train,freesolv
9,9,342,0.8636363636363636,<freesolv>|CCCCCCCl,<freesolv>|CCCCCCCCl,0.0,0.29,-0.29,train,freesolv
10,10,49,0.6296296296296297,<freesolv>|c1ccc2c(c1)Oc3cccc(c3O2)Cl,<freesolv>|c1ccc2c(c1)Oc3ccc(cc3O2)Cl,-3.52,-3.1,-0.41999999999999993,train,freesolv
11,11,75,0.36363636363636365,<freesolv>|C=CCl,<freesolv>|C=CCCl,-0.59,-0.57,-0.020000000000000018,train,freesolv
12,12,432,0.7741935483870968,<freesolv>|c1ccc(cc1)CCO,<freesolv>|c1ccc(cc1)CCCO,-6.79,-6.92,0.1299999999999999,train,freesolv
13,13,281,0.4,<freesolv>|C(CCl)OCCCl,<freesolv>|C(CCCl)CCl,-4.23,-2.32,-1.9100000000000006,train,freesolv
14,14,306,0.8928571428571429,<freesolv>|CCCCCCCC=O,<freesolv>|CCCCCCCCC=O,-2.29,-2.07,-0.2200000000000002,train,freesolv
15,15,286,0.25,<freesolv>|c1ccsc1,<freesolv>|c1cc[nH]c1,-1.4,-4.78,3.3800000000000003,train,freesolv
16,16,68,0.5357142857142857,<freesolv>|CCc1ccncc1,<freesolv>|Cc1ccncc1,-4.73,-4.93,0.1999999999999993,train,freesolv
17,17,467,0.5454545454545454,<freesolv>|c1cc(c(c(c1)Cl)C#N)Cl,<freesolv>|c1cc(c(c(c1)Cl)Cl)Cl,-4.71,-1.24,-3.4699999999999998,train,freesolv
18,18,391,0.6296296296296297,<freesolv>|CCCCC/C=C/C=O,<freesolv>|CCC/C=C/C=O,-3.43,-3.68,0.25,train,freesolv
19,19,505,0.5714285714285714,<freesolv>|Cc1ccccc1C,<freesolv>|Cc1ccccc1Cl,-0.9,-1.14,0.23999999999999988,train,freesolv
20,20,381,0.3953488372093023,<freesolv>|CC(=O)Oc1ccccc1C(=O)O,<freesolv>|CC(=O)c1ccccc1,-9.94,-4.58,-5.359999999999999,train,freesolv
21,21,448,0.5384615384615384,<freesolv>|c1ccc(cc1)O,<freesolv>|c1ccc(cc1)Br,-6.6,-1.46,-5.14,train,freesolv
22,22,312,0.3076923076923077,<freesolv>|COC(C(Cl)Cl)(F)F,<freesolv>|[C@@H](C(F)(F)F)(Cl)Br,-1.12,-0.11,-1.01,train,freesolv
23,23,439,0.5405405405405406,<freesolv>|c12c(c(c(c(c1Cl)Cl)Cl)Cl)Oc3c(c(c(c(c3Cl)Cl)Cl)Cl)O2,<freesolv>|c1(c(c(c(c(c1Cl)Cl)Cl)Cl)Cl)c2c(c(c(c(c2Cl)Cl)Cl)Cl)Cl,-4.53,-2.98,-1.5500000000000003,train,freesolv
24,24,464,0.5666666666666667,<freesolv>|CCCCOCCCC,<freesolv>|CCCCOCCO,-0.83,-6.25,5.42,train,freesolv
25,25,363,0.7323943661971831,<freesolv>|CCCN(CCC)c1c(cc(cc1[N+](=O)[O-])C(F)(F)F)[N+](=O)[O-],<freesolv>|CCC[N@@](CC1CC1)c2c(cc(cc2[N+](=O)[O-])C(F)(F)F)[N+](=O)[O-],-3.25,-2.45,-0.7999999999999998,train,freesolv
26,26,406,0.35714285714285715,<freesolv>|C(=C(Cl)Cl)Cl,<freesolv>|C=C(Cl)Cl,-0.44,0.25,-0.69,train,freesolv
27,27,423,0.6363636363636364,<freesolv>|c1cc(ccc1N)N(=O)=O,<freesolv>|c1cc(ccc1[N+](=O)[O-])O,-9.82,-10.64,0.8200000000000003,train,freesolv
28,28,108,0.4523809523809524,<freesolv>|Cc1c[nH]c2c1cccc2,<freesolv>|Cc1cccc2c1cccc2,-5.88,-2.44,-3.44,train,freesolv
29,29,448,0.5384615384615384,<freesolv>|c1ccc(cc1)Cl,<freesolv>|c1ccc(cc1)Br,-1.12,-1.46,0.33999999999999986,train,freesolv
30,30,494,0.7857142857142857,<freesolv>|c1ccc2c(c1)C(=O)c3c(ccc(c3C2=O)O)N,<freesolv>|c1ccc2c(c1)C(=O)c3c(ccc(c3C2=O)N)N,-9.53,-11.85,2.3200000000000003,train,freesolv
31,31,380,0.85,<freesolv>|C1CCC(=O)C1,<freesolv>|C1CCC(=O)CC1,-4.7,-4.91,0.20999999999999996,train,freesolv
32,32,250,0.5294117647058824,<freesolv>|c1c(c(cc(c1Cl)Cl)Cl)Cl,<freesolv>|c1c(cc(c(c1Cl)Cl)Cl)Cl,-1.34,-1.62,0.28,train,freesolv
33,33,499,0.5454545454545454,<freesolv>|CC(C)CC(=O)C,<freesolv>|CC(C)CC(=O)O,-3.05,-6.09,3.04,train,freesolv
34,34,232,0.5294117647058824,<freesolv>|CC[N+](=O)[O-],<freesolv>|CCC[N+](=O)[O-],-3.71,-3.34,-0.3700000000000001,train,freesolv
35,35,144,0.5,<freesolv>|C(CO[N+](=O)[O-])O,<freesolv>|CCCCO[N+](=O)[O-],-8.18,-2.09,-6.09,train,freesolv
36,36,445,0.3157894736842105,<freesolv>|CC(C)(/C=N\OC(=O)NC)SC,<freesolv>|CC(C)(C)C(=O)OC,-9.84,-2.4,-7.4399999999999995,train,freesolv
37,37,127,0.5,<freesolv>|C(Cl)Cl,<freesolv>|C(CCl)Cl,-1.31,-1.79,0.48,train,freesolv
38,38,390,0.6944444444444444,<freesolv>|CCOC(=O)CCC(=O)OCC,<freesolv>|CCOC(=O)CC(=O)OCC,-5.71,-6.0,0.29000000000000004,train,freesolv
39,39,397,0.4,<freesolv>|CC(=O)N1CCCC1,<freesolv>|CN1CCCCC1,-9.8,-3.88,-5.920000000000001,train,freesolv
40,40,70,0.7727272727272727,<freesolv>|CCCCC(=O)C,<freesolv>|CCCCCC(=O)C,-3.28,-3.04,-0.23999999999999977,train,freesolv
41,41,451,0.3617021276595745,<freesolv>|c1ccc(cc1)n2c(=O)c(c(cn2)N)Cl,<freesolv>|c1ccc(c(c1)N)Cl,-16.43,-4.91,-11.52,train,freesolv
42,42,238,0.5357142857142857,<freesolv>|CCc1cccnc1,<freesolv>|Cc1cccnc1,-4.59,-4.77,0.17999999999999972,train,freesolv
43,43,68,0.4827586206896552,<freesolv>|c1cnccc1C=O,<freesolv>|Cc1ccncc1,-7.0,-4.93,-2.0700000000000003,train,freesolv
44,44,238,0.5384615384615384,<freesolv>|c1cc(cnc1)Cl,<freesolv>|Cc1cccnc1,-4.01,-4.77,0.7599999999999998,train,freesolv
45,45,254,0.5714285714285714,<freesolv>|CCCS,<freesolv>|CCCCS,-1.1,-0.99,-0.1100000000000001,train,freesolv
46,46,472,0.5714285714285714,<freesolv>|Cc1ccc(cc1)Br,<freesolv>|Cc1ccc(cc1)N,-1.39,-5.57,4.180000000000001,train,freesolv
47,47,130,0.6129032258064516,<freesolv>|c1ccc(c(c1)C=O)O,<freesolv>|Cc1ccccc1C=O,-4.68,-3.93,-0.7499999999999996,train,freesolv
48,48,367,0.5,<freesolv>|CCC(C)(C)CC,<freesolv>|CCC(C)(C)C,2.56,2.51,0.050000000000000266,train,freesolv
49,49,501,0.6666666666666666,<freesolv>|c1ccc2c(c1)Oc3ccc(cc3O2)Cl,<freesolv>|c1cc2c(cc1Cl)Oc3ccc(cc3O2)Cl,-3.1,-3.67,0.5699999999999998,train,freesolv
50,50,480,0.4666666666666667,<freesolv>|C1CC1,<freesolv>|C1CCCC1,0.75,1.2,-0.44999999999999996,train,freesolv
51,51,472,0.5714285714285714,<freesolv>|Cc1ccc(cc1)C,<freesolv>|Cc1ccc(cc1)N,-0.8,-5.57,4.7700000000000005,train,freesolv
52,52,219,0.375,<freesolv>|CCNCC,<freesolv>|CCCC,-4.07,2.1,-6.17,train,freesolv
53,53,425,0.3076923076923077,<freesolv>|C(=C(F)F)(C(F)(F)F)F,<freesolv>|C(C(F)(F)F)O,2.93,-4.31,7.24,train,freesolv
54,54,146,0.9090909090909091,<freesolv>|CCCCCCCCCC(=O)C,<freesolv>|CCCCCCCCC(=O)C,-2.15,-2.34,0.18999999999999995,train,freesolv
55,55,513,0.0,<freesolv>|C,<freesolv>|CCCCN,2.0,-4.24,6.24,train,freesolv
56,56,249,0.8,<freesolv>|CCCCCC(=O)OC,<freesolv>|CCCCC(=O)OC,-2.49,-2.56,0.06999999999999984,train,freesolv
57,57,404,0.2857142857142857,<freesolv>|CN,<freesolv>|CCN,-4.55,-4.5,-0.04999999999999982,train,freesolv
58,58,328,0.45,<freesolv>|C=CCCC=C,<freesolv>|C=CCC=C,1.01,0.93,0.07999999999999996,train,freesolv
59,59,434,0.425,<freesolv>|C([C@@H]1[C@H]([C@@H]([C@H]([C@@H](O1)O)O)O)O)O,<freesolv>|C1[C@H]([C@@H]([C@H]([C@H](O1)O)O)O)O,-25.47,-20.52,-4.949999999999999,train,freesolv
60,60,360,0.8214285714285714,<freesolv>|CCCCCC(=O)OCC,<freesolv>|CCCCC(=O)OCC,-2.23,-2.49,0.26000000000000023,train,freesolv
61,61,114,0.45454545454545453,<freesolv>|CC(C)CO[N+](=O)[O-],<freesolv>|C[C@@H](CO[N+](=O)[O-])O[N+](=O)[O-],-1.88,-4.95,3.0700000000000003,train,freesolv
62,62,406,0.3125,<freesolv>|C(=C(Cl)Cl)(Cl)Cl,<freesolv>|C=C(Cl)Cl,0.1,0.25,-0.15,train,freesolv
63,63,399,0.6,<freesolv>|Cc1ccc(c(c1)C)C,<freesolv>|Cc1ccc(c(c1)O)C,-0.86,-5.91,5.05,train,freesolv
64,64,236,0.5151515151515151,<freesolv>|CC(=O)c1ccncc1,<freesolv>|CC(=O)c1cccnc1,-7.62,-8.26,0.6399999999999997,train,freesolv
65,65,448,0.5384615384615384,<freesolv>|c1ccc(cc1)F,<freesolv>|c1ccc(cc1)Br,-0.8,-1.46,0.6599999999999999,train,freesolv
66,66,440,0.43478260869565216,<freesolv>|CCOP(=S)(OCC)Oc1cc(nc(n1)C(C)C)C,<freesolv>|CCOP(=S)(OCC)Oc1c(cc(c(n1)Cl)Cl)Cl,-6.48,-5.04,-1.4400000000000004,train,freesolv
67,67,381,0.6176470588235294,<freesolv>|CN(C)C(=O)c1ccccc1,<freesolv>|CC(=O)c1ccccc1,-9.29,-4.58,-4.709999999999999,train,freesolv
68,68,317,0.4827586206896552,<freesolv>|Cc1ccncc1,<freesolv>|c1cnccc1C#N,-4.93,-6.02,1.0899999999999999,train,freesolv
69,69,348,0.5,<freesolv>|CC(C)OC(C)C,<freesolv>|CC(C)C(C)C,-0.53,2.34,-2.87,train,freesolv
70,70,337,0.875,<freesolv>|CCCCCC(=O)C,<freesolv>|CCCCCCC(=O)C,-3.04,-2.88,-0.16000000000000014,train,freesolv
71,71,205,0.65,<freesolv>|CCCC(=O)O,<freesolv>|CCCCC(=O)O,-6.35,-6.16,-0.1899999999999995,train,freesolv
72,72,507,0.4444444444444444,<freesolv>|CC(=O)OCC(COC(=O)C)OC(=O)C,<freesolv>|CC(=O)OCCOC(=O)C,-8.84,-6.34,-2.5,train,freesolv
73,73,373,0.5645161290322581,<freesolv>|C1[C@@H]2[C@H]3[C@@H]([C@H]1[C@H]4[C@@H]2O4)[C@@]5(C(=C([C@]3(C5(Cl)Cl)Cl)Cl)Cl)Cl,<freesolv>|C1[C@H]([C@@H]2[C@H]([C@H]1Cl)[C@]3(C(=C([C@@]2(C3(Cl)Cl)Cl)Cl)Cl)Cl)Cl,-4.82,-3.44,-1.3800000000000003,train,freesolv
74,74,151,0.4666666666666667,<freesolv>|CCC#N,<freesolv>|CCCC#N,-3.84,-3.64,-0.19999999999999973,train,freesolv
75,75,424,0.38461538461538464,<freesolv>|C=CCCl,<freesolv>|C=CCO,-0.57,-5.03,4.46,train,freesolv
76,76,412,0.4166666666666667,<freesolv>|C[C@H](CC(C)C)O,<freesolv>|CC[C@H](C(C)C)O,-3.73,-3.88,0.1499999999999999,train,freesolv
77,77,486,0.6363636363636364,<freesolv>|COC(=O)c1ccc(cc1)[N+](=O)[O-],<freesolv>|CN(C)C(=O)c1ccc(cc1)[N+](=O)[O-],-6.88,-11.95,5.069999999999999,train,freesolv
78,78,472,0.53125,<freesolv>|Cc1ccc(cc1)C(C)C,<freesolv>|Cc1ccc(cc1)N,-0.68,-5.57,4.890000000000001,train,freesolv
79,79,195,0.38461538461538464,<freesolv>|C(CO)O,<freesolv>|CCCO,-9.3,-4.85,-4.450000000000001,train,freesolv
80,80,244,0.23255813953488372,<freesolv>|C1=CC(=O)C=CC1=O,<freesolv>|c1ccc2c(c1)C(=O)NC2=O,-6.5,-9.61,3.1099999999999994,train,freesolv
81,81,487,0.45454545454545453,<freesolv>|CC(C)I,<freesolv>|CC(C)Br,-0.46,-0.48,0.019999999999999962,train,freesolv
82,82,114,0.6857142857142857,<freesolv>|C[C@@H](CCO[N+](=O)[O-])O[N+](=O)[O-],<freesolv>|C[C@@H](CO[N+](=O)[O-])O[N+](=O)[O-],-4.29,-4.95,0.6600000000000001,train,freesolv
83,83,128,0.6111111111111112,<freesolv>|COc1cccc(c1O)OC,<freesolv>|COc1ccccc1OC,-6.96,-5.33,-1.63,train,freesolv
84,84,403,0.6,<freesolv>|Cc1cccc(c1C)O,<freesolv>|Cc1cccc(c1C)C,-6.16,-1.21,-4.95,train,freesolv
85,85,505,0.5714285714285714,<freesolv>|Cc1ccccc1N,<freesolv>|Cc1ccccc1Cl,-5.53,-1.14,-4.390000000000001,train,freesolv
86,86,400,0.125,<freesolv>|C=O,<freesolv>|CC=O,-2.75,-3.5,0.75,train,freesolv
87,87,504,0.4666666666666667,<freesolv>|CC(C)C(=O)C(C)C,<freesolv>|CC(C)COC(=O)C(C)C,-2.74,-1.69,-1.0500000000000003,train,freesolv
88,88,480,0.375,<freesolv>|C1CCOCC1,<freesolv>|C1CCCC1,-3.12,1.2,-4.32,train,freesolv
89,89,411,0.5714285714285714,<freesolv>|CCCBr,<freesolv>|CCCCBr,-0.56,-0.4,-0.16000000000000003,train,freesolv
90,90,188,0.7142857142857143,<freesolv>|CCCCOC(=O)c1ccc(cc1)O,<freesolv>|CCOC(=O)c1ccc(cc1)O,-8.72,-9.2,0.47999999999999865,train,freesolv
91,91,98,0.3333333333333333,<freesolv>|c1ccccc1,<freesolv>|c1ccncc1,-0.9,-4.69,3.7900000000000005,train,freesolv
92,92,340,0.88,<freesolv>|CCCCCCCBr,<freesolv>|CCCCCCCCBr,0.34,0.52,-0.18,train,freesolv
93,93,129,0.45454545454545453,<freesolv>|CC/C=C\C,<freesolv>|CCCC/C=C/C,1.31,1.68,-0.3699999999999999,train,freesolv
94,94,495,0.46551724137931033,<freesolv>|CCOP(=S)(OCC)SCSc1ccc(cc1)Cl,<freesolv>|CCOP(=S)(OCC)SCSCC,-6.5,-4.37,-2.13,train,freesolv
95,95,155,0.6363636363636364,<freesolv>|c1ccc(c(c1)[N+](=O)[O-])O,<freesolv>|Cc1ccccc1[N+](=O)[O-],-4.58,-3.58,-1.0,train,freesolv
96,96,498,0.42105263157894735,<freesolv>|C[C@@H](c1ccc2cc(ccc2c1)OC)C(=O)O,<freesolv>|Cc1ccc2cc(ccc2c1)C,-10.21,-2.63,-7.580000000000001,train,freesolv
97,97,338,0.6388888888888888,<freesolv>|Cc1ccc(cc1)C(=O)N(C)C,<freesolv>|Cc1ccc(cc1)C(=O)C,-9.76,-4.7,-5.06,train,freesolv
98,98,448,0.3103448275862069,<freesolv>|c1ccncc1,<freesolv>|c1ccc(cc1)Br,-4.69,-1.46,-3.2300000000000004,train,freesolv
99,99,336,0.7,<freesolv>|c1ccc2c(c1)Oc3c(c(c(c(c3Cl)Cl)Cl)Cl)O2,<freesolv>|c1cc2c(cc1Cl)Oc3c(c(c(c(c3Cl)Cl)Cl)Cl)O2,-3.81,-4.15,0.3400000000000003,train,freesolv
100,100,449,0.8928571428571429,<freesolv>|CCCCCCCCCC,<freesolv>|CCCCCCCCC,3.16,3.13,0.03000000000000025,train,freesolv
101,101,381,0.6666666666666666,<freesolv>|c1ccc(cc1)C(=O)N,<freesolv>|CC(=O)c1ccccc1,-11.0,-4.58,-6.42,train,freesolv
102,102,348,0.5,<freesolv>|CC(C)SC(C)C,<freesolv>|CC(C)C(C)C,-1.21,2.34,-3.55,train,freesolv
103,103,111,0.6857142857142857,<freesolv>|CCOC(=O)c1ccccc1,<freesolv>|COC(=O)c1ccccc1,-3.64,-3.92,0.2799999999999998,train,freesolv
104,104,312,0.47058823529411764,<freesolv>|C(F)(F)(F)Br,<freesolv>|[C@@H](C(F)(F)F)(Cl)Br,1.79,-0.11,1.9000000000000001,train,freesolv
105,105,400,0.3076923076923077,<freesolv>|CN(C)C=O,<freesolv>|CC=O,-7.81,-3.5,-4.31,train,freesolv
106,106,249,0.6451612903225806,<freesolv>|CCCCCCCC(=O)OC,<freesolv>|CCCCC(=O)OC,-2.04,-2.56,0.52,train,freesolv
107,107,489,0.36,<freesolv>|COC(=O)C(F)(F)F,<freesolv>|C[C@H](C(F)(F)F)O,-1.1,-4.2,3.1,train,freesolv
108,108,291,0.6842105263157895,<freesolv>|Cc1cccc2c1cccc2,<freesolv>|c1ccc2c(c1)cccc2N,-2.44,-7.28,4.84,train,freesolv
109,109,435,0.4807692307692308,<freesolv>|c1ccc(cc1)Oc2ccccc2,<freesolv>|c1ccc(cc1)c2ccccc2Cl,-2.87,-2.69,-0.18000000000000016,train,freesolv
110,110,390,0.4107142857142857,<freesolv>|CCOC(=O)C[C@H](C(=O)OCC)SP(=S)(OC)OC,<freesolv>|CCOC(=O)CC(=O)OCC,-8.15,-6.0,-2.1500000000000004,train,freesolv
111,111,381,0.65625,<freesolv>|COC(=O)c1ccccc1,<freesolv>|CC(=O)c1ccccc1,-3.92,-4.58,0.6600000000000001,train,freesolv
112,112,420,0.75,<freesolv>|CCCCC=C,<freesolv>|CCCCCC=C,1.58,1.66,-0.07999999999999985,train,freesolv
113,113,337,0.5,<freesolv>|CCCC(=O)C,<freesolv>|CCCCCCC(=O)C,-3.52,-2.88,-0.6400000000000001,train,freesolv
114,114,285,0.4594594594594595,<freesolv>|C[C@@H](CO[N+](=O)[O-])O[N+](=O)[O-],<freesolv>|C(CO[N+](=O)[O-])O[N+](=O)[O-],-4.95,-5.73,0.7800000000000002,train,freesolv
115,115,382,0.5483870967741935,<freesolv>|CCCCC(=O)CCCC,<freesolv>|CCCC(=O)CCC,-2.64,-2.92,0.2799999999999998,train,freesolv
116,116,320,0.5333333333333333,<freesolv>|COS(=O)(=O)C,<freesolv>|CS(=O)(=O)C,-4.87,-10.08,5.21,train,freesolv
117,117,376,0.6,<freesolv>|c1c(c(=O)[nH]c(=O)[nH]1)Cl,<freesolv>|c1c(c(=O)[nH]c(=O)[nH]1)F,-17.74,-16.92,-0.8199999999999967,train,freesolv
118,118,505,0.5714285714285714,<freesolv>|c1ccc(c(c1)Cl)Cl,<freesolv>|Cc1ccccc1Cl,-1.36,-1.14,-0.2200000000000002,train,freesolv
119,119,140,0.6666666666666666,<freesolv>|c1ccc2c(c1)C(=O)c3cccc(c3C2=O)NCCO,<freesolv>|c1ccc2c(c1)C(=O)c3cccc(c3C2=O)N,-14.21,-9.44,-4.770000000000001,train,freesolv
120,120,251,0.5853658536585366,<freesolv>|c1(c(c(c(c(c1Cl)Cl)Cl)Cl)Cl)Cl,<freesolv>|c1(c(c(c(c(c1Cl)Cl)Cl)Cl)Cl)N(=O)=O,-2.33,-5.22,2.8899999999999997,train,freesolv
121,121,348,0.5,<freesolv>|CC(C)NC(C)C,<freesolv>|CC(C)C(C)C,-3.22,2.34,-5.5600000000000005,train,freesolv
122,122,367,0.5789473684210527,<freesolv>|CCCC(C)(C)C,<freesolv>|CCC(C)(C)C,2.88,2.51,0.3700000000000001,train,freesolv
123,123,369,0.7027027027027027,<freesolv>|COc1ccc(cc1)C(=O)OC,<freesolv>|CC(=O)c1ccc(cc1)OC,-5.33,-4.4,-0.9299999999999997,train,freesolv
124,124,430,0.6428571428571429,<freesolv>|C=Cc1ccccc1,<freesolv>|c1ccc(cc1)C=O,-1.24,-4.02,2.7799999999999994,train,freesolv
125,125,469,0.5714285714285714,<freesolv>|c1cc(ccc1O)Br,<freesolv>|Cc1ccc(cc1)O,-5.85,-6.13,0.28000000000000025,train,freesolv
126,126,150,0.6956521739130435,<freesolv>|CCCOC(=O)C,<freesolv>|CCCCOC(=O)C,-2.79,-2.64,-0.1499999999999999,train,freesolv
127,127,417,0.5714285714285714,<freesolv>|C(CCl)Cl,<freesolv>|C(CCl)CCl,-1.79,-1.89,0.09999999999999987,train,freesolv
128,128,471,0.5588235294117647,<freesolv>|COc1ccccc1OC,<freesolv>|COc1ccccc1N,-5.33,-6.12,0.79,train,freesolv
129,129,259,0.4583333333333333,<freesolv>|CCCC/C=C/C,<freesolv>|CCCCC=O,1.68,-3.03,4.71,train,freesolv
130,130,505,0.5161290322580645,<freesolv>|Cc1ccccc1C=O,<freesolv>|Cc1ccccc1Cl,-3.93,-1.14,-2.79,train,freesolv
131,131,363,0.43373493975903615,<freesolv>|CCN(CC)c1c(cc(c(c1[N+](=O)[O-])N)C(F)(F)F)[N+](=O)[O-],<freesolv>|CCC[N@@](CC1CC1)c2c(cc(cc2[N+](=O)[O-])C(F)(F)F)[N+](=O)[O-],-5.66,-2.45,-3.21,train,freesolv
132,132,298,0.375,<freesolv>|COC=O,<freesolv>|CCOC=O,-2.78,-2.56,-0.21999999999999975,train,freesolv
133,133,459,0.4925373134328358,<freesolv>|c1c2c(cc(c1Cl)Cl)Oc3cc(c(cc3O2)Cl)Cl,<freesolv>|c1cc2c(cc1Cl)Oc3cc(c(c(c3O2)Cl)Cl)Cl,-3.37,-3.84,0.46999999999999975,train,freesolv
134,134,192,0.375,<freesolv>|CC[C@H](C)O[N+](=O)[O-],<freesolv>|CC(C)[N+](=O)[O-],-1.82,-3.13,1.3099999999999998,train,freesolv
135,135,475,0.65625,<freesolv>|CC[C@H](C)c1ccccc1,<freesolv>|CC(C)c1ccccc1,-0.45,-0.3,-0.15000000000000002,train,freesolv
136,136,477,0.6428571428571429,<freesolv>|CCc1ccccc1,<freesolv>|c1ccc(cc1)CBr,-0.79,-2.38,1.5899999999999999,train,freesolv
137,137,378,0.6129032258064516,<freesolv>|CCc1ccccc1C,<freesolv>|CCc1ccccc1O,-0.85,-5.66,4.8100000000000005,train,freesolv
138,138,467,0.5625,<freesolv>|c1cc(c(c(c1Cl)Cl)Cl)Cl,<freesolv>|c1cc(c(c(c1)Cl)Cl)Cl,-1.34,-1.24,-0.10000000000000009,train,freesolv
139,139,402,0.6666666666666666,<freesolv>|CCCOC(=O)CC,<freesolv>|CCCC(=O)OCCC,-2.44,-2.28,-0.16000000000000014,train,freesolv
140,140,494,0.6610169491525424,<freesolv>|c1ccc2c(c1)C(=O)c3cccc(c3C2=O)N,<freesolv>|c1ccc2c(c1)C(=O)c3c(ccc(c3C2=O)N)N,-9.44,-11.85,2.41,train,freesolv
141,141,336,0.6825396825396826,<freesolv>|c1c2c(cc(c1Cl)Cl)Oc3c(c(c(c(c3Cl)Cl)Cl)Cl)O2,<freesolv>|c1cc2c(cc1Cl)Oc3c(c(c(c(c3Cl)Cl)Cl)Cl)O2,-3.71,-4.15,0.4400000000000004,train,freesolv
142,142,483,0.5357142857142857,<freesolv>|c1ccc(cc1)c2cc(c(c(c2Cl)Cl)Cl)Cl,<freesolv>|c1ccc(cc1)c2c(cc(cc2Cl)Cl)Cl,-3.48,-2.16,-1.3199999999999998,train,freesolv
143,143,441,0.42592592592592593,<freesolv>|CCNc1nc(nc(n1)SC)NC(C)C,<freesolv>|CCNc1nc(nc(n1)Cl)NCC,-7.65,-10.22,2.5700000000000003,train,freesolv
144,144,462,0.7142857142857143,<freesolv>|CCCCO[N+](=O)[O-],<freesolv>|CCCCCCO[N+](=O)[O-],-2.09,-1.66,-0.42999999999999994,train,freesolv
145,145,171,0.62,<freesolv>|c1ccc-2c(c1)Cc3c2cccc3,<freesolv>|c1ccc2c(c1)Cc3ccccc3C2,-3.35,-3.78,0.4299999999999997,train,freesolv
146,146,337,0.8,<freesolv>|CCCCCCCCC(=O)C,<freesolv>|CCCCCCC(=O)C,-2.34,-2.88,0.54,train,freesolv
147,147,271,0.40476190476190477,<freesolv>|CC(=C)[C@H]1CCC(=CC1)C=O,<freesolv>|CC1=CC[C@H](C[C@@H]1O)C(=C)C,-4.09,-4.44,0.35000000000000053,train,freesolv
148,148,360,0.5555555555555556,<freesolv>|CCC(=O)OCC,<freesolv>|CCCCC(=O)OCC,-2.68,-2.49,-0.18999999999999995,train,freesolv
149,149,258,0.56,<freesolv>|CC(C)CCOC=O,<freesolv>|CC(C)COC=O,-2.13,-2.22,0.0900000000000003,train,freesolv
150,150,177,0.8,<freesolv>|CCCCOC(=O)C,<freesolv>|CCCCCOC(=O)C,-2.64,-2.51,-0.13000000000000034,train,freesolv
151,151,405,0.6111111111111112,<freesolv>|CCCC#N,<freesolv>|CCCCC#N,-3.64,-3.52,-0.1200000000000001,train,freesolv
152,152,461,0.3333333333333333,<freesolv>|CC[C@@H](C)c1cc(cc(c1O)[N+](=O)[O-])[N+](=O)[O-],<freesolv>|CCCN(CCC)c1c(cc(cc1[N+](=O)[O-])S(=O)(=O)C)[N+](=O)[O-],-6.23,-7.98,1.75,train,freesolv
153,153,320,0.5384615384615384,<freesolv>|CS(=O)(=O)Cl,<freesolv>|CS(=O)(=O)C,-4.87,-10.08,5.21,train,freesolv
154,154,278,0.75,<freesolv>|CCCCC#C,<freesolv>|CCCCCC#C,0.29,0.6,-0.31,train,freesolv
155,155,325,0.4857142857142857,<freesolv>|Cc1ccccc1[N+](=O)[O-],<freesolv>|c1ccc(cc1)[N+](=O)[O-],-3.58,-4.12,0.54,train,freesolv
156,156,486,0.15714285714285714,<freesolv>|Cc1c(nc(nc1OC(=O)N(C)C)N(C)C)C,<freesolv>|CN(C)C(=O)c1ccc(cc1)[N+](=O)[O-],-9.41,-11.95,2.539999999999999,train,freesolv
157,157,429,0.2903225806451613,<freesolv>|COP(=O)(OC)OC,<freesolv>|CC(OC)(OC)OC,-8.7,-4.42,-4.279999999999999,train,freesolv
158,158,162,0.38095238095238093,<freesolv>|CN(C)CCOC(c1ccccc1)c2ccccc2,<freesolv>|CN(C)CCC=C1c2ccccc2CCc3c1cccc3,-9.34,-7.43,-1.9100000000000001,train,freesolv
159,159,411,0.29411764705882354,<freesolv>|C(CBr)Br,<freesolv>|CCCCBr,-2.33,-0.4,-1.9300000000000002,train,freesolv
160,160,471,0.6129032258064516,<freesolv>|COc1ccccc1O,<freesolv>|COc1ccccc1N,-5.94,-6.12,0.17999999999999972,train,freesolv
161,161,415,0.5833333333333334,<freesolv>|CCCOCCC,<freesolv>|CCCOCCO,-1.16,-6.4,5.24,train,freesolv
162,162,171,0.410958904109589,<freesolv>|CN(C)CCC=C1c2ccccc2CCc3c1cccc3,<freesolv>|c1ccc2c(c1)Cc3ccccc3C2,-7.43,-3.78,-3.65,train,freesolv
163,163,313,0.56,<freesolv>|CCCCC(C)C,<freesolv>|CCCC[C@@H](C)CC,2.93,2.97,-0.040000000000000036,train,freesolv
164,164,509,0.5806451612903226,<freesolv>|COC(CCl)(OC)OC,<freesolv>|COC(CC#N)(OC)OC,-4.59,-6.4,1.8100000000000005,train,freesolv
165,165,468,0.4,<freesolv>|CC(C)C(=O)C,<freesolv>|CC(C)O,-3.24,-4.74,1.5,train,freesolv
166,166,322,0.5,<freesolv>|CCOC(OCC)Oc1ccccc1,<freesolv>|CCOc1ccccc1,-5.23,-2.22,-3.0100000000000002,train,freesolv
167,167,512,0.3026315789473684,<freesolv>|c1cc(c(cc1c2ccc(cc2F)F)C(=O)O)O,<freesolv>|Cc1cccc(c1C)Nc2ccccc2C(=O)O,-9.4,-6.78,-2.62,train,freesolv
168,168,219,0.5,<freesolv>|CCC,<freesolv>|CCCC,2.0,2.1,-0.10000000000000009,train,freesolv
169,169,373,0.5789473684210527,<freesolv>|C1=C[C@@H]([C@@H]2[C@H]1[C@@]3(C(=C([C@]2(C3(Cl)Cl)Cl)Cl)Cl)Cl)Cl,<freesolv>|C1[C@H]([C@@H]2[C@H]([C@H]1Cl)[C@]3(C(=C([C@@]2(C3(Cl)Cl)Cl)Cl)Cl)Cl)Cl,-2.55,-3.44,0.8900000000000001,train,freesolv
170,170,397,0.3793103448275862,<freesolv>|CN1CCOCC1,<freesolv>|CN1CCCCC1,-6.32,-3.88,-2.4400000000000004,train,freesolv
171,171,321,0.44,<freesolv>|c1ccc2c(c1)Cc3ccccc3C2,<freesolv>|c1ccc2ccccc2c1,-3.78,-2.4,-1.38,train,freesolv
172,172,450,0.26666666666666666,<freesolv>|CC#C,<freesolv>|CCCC#C,-0.48,0.01,-0.49,train,freesolv
173,173,267,0.8928571428571429,<freesolv>|CCCCCCCCO,<freesolv>|CCCCCCCCCO,-4.09,-3.88,-0.20999999999999996,train,freesolv
174,174,256,0.38095238095238093,<freesolv>|CC1=CC(=O)[C@@H](CC1)C(C)C,<freesolv>|C[C@@H]1CC[C@H](C(=O)C1)C(C)C,-4.51,-2.53,-1.98,train,freesolv
175,175,189,0.5333333333333333,<freesolv>|CC(C)(C)OC,<freesolv>|CC(C)(C)C,-2.21,2.51,-4.72,train,freesolv
176,176,285,0.7741935483870968,<freesolv>|C(CO[N+](=O)[O-])CO[N+](=O)[O-],<freesolv>|C(CO[N+](=O)[O-])O[N+](=O)[O-],-4.8,-5.73,0.9300000000000006,train,freesolv
177,177,204,0.8888888888888888,<freesolv>|CCCCCOC(=O)C,<freesolv>|CCCCCCOC(=O)C,-2.51,-2.26,-0.25,train,freesolv
178,178,179,0.46153846153846156,<freesolv>|CC(=O)O,<freesolv>|CCC(=O)O,-6.69,-6.46,-0.23000000000000043,train,freesolv
179,179,323,0.4666666666666667,<freesolv>|CCC(=O)O,<freesolv>|CCC(=O)N,-6.46,-9.4,2.9400000000000004,train,freesolv
180,180,190,0.6428571428571429,<freesolv>|CCOP(=S)(OCC)Oc1ccc(cc1)[N+](=O)[O-],<freesolv>|COP(=S)(OC)Oc1ccc(cc1)[N+](=O)[O-],-6.74,-7.19,0.4500000000000002,train,freesolv
181,181,290,0.39285714285714285,<freesolv>|CC1CCC(CC1)C,<freesolv>|CC1CCCC1,2.11,1.59,0.5199999999999998,train,freesolv
182,182,255,0.65625,<freesolv>|CC(=O)C1CCCCC1,<freesolv>|COC(=O)C1CCCCC1,-3.9,-3.3,-0.6000000000000001,train,freesolv
183,183,414,0.5217391304347826,<freesolv>|CCOCC,<freesolv>|CCOCCOCC,-1.59,-3.54,1.95,train,freesolv
184,184,278,0.8636363636363636,<freesolv>|CCCCCCC#C,<freesolv>|CCCCCC#C,0.71,0.6,0.10999999999999999,train,freesolv
185,185,255,0.5862068965517241,<freesolv>|COC(=O)C1CC1,<freesolv>|COC(=O)C1CCCCC1,-4.1,-3.3,-0.7999999999999998,train,freesolv
186,186,321,0.5652173913043478,<freesolv>|c1ccc2c(c1)ccc3c2cccc3,<freesolv>|c1ccc2ccccc2c1,-3.88,-2.4,-1.48,train,freesolv
187,187,479,0.8695652173913043,<freesolv>|C1CCC(CC1)O,<freesolv>|C1CCCC(CC1)O,-5.46,-5.48,0.020000000000000462,train,freesolv
188,188,199,0.5263157894736842,<freesolv>|CCOC(=O)c1ccc(cc1)O,<freesolv>|CCc1ccc(cc1)O,-9.2,-6.13,-3.0699999999999994,train,freesolv
189,189,231,0.5384615384615384,<freesolv>|CC(C)(C)C,<freesolv>|CC(C)(C)O,2.51,-4.47,6.9799999999999995,train,freesolv
190,190,423,0.42857142857142855,<freesolv>|COP(=S)(OC)Oc1ccc(cc1)[N+](=O)[O-],<freesolv>|c1cc(ccc1[N+](=O)[O-])O,-7.19,-10.64,3.45,train,freesolv
191,191,222,0.28888888888888886,<freesolv>|COP(=S)(OC)SCn1c(=O)c2ccccc2nn1,<freesolv>|CCOP(=S)(OCC)S[C@@H](CCl)N1C(=O)c2ccccc2C1=O,-10.03,-5.74,-4.289999999999999,train,freesolv
192,192,280,0.4,<freesolv>|CC(C)[N+](=O)[O-],<freesolv>|C[N+](=O)[O-],-3.13,-4.02,0.8899999999999997,train,freesolv
193,193,302,0.7058823529411765,<freesolv>|CCCCCl,<freesolv>|CCCCCCl,-0.16,-0.1,-0.06,train,freesolv
194,194,335,1.0,<freesolv>|CC(=CCC/C(=C\CO)/C)C,<freesolv>|CC(=CCC/C(=C/CO)/C)C,-4.78,-4.45,-0.33000000000000007,train,freesolv
195,195,452,0.5714285714285714,<freesolv>|CCCO,<freesolv>|CCCCO,-4.85,-4.72,-0.1299999999999999,train,freesolv
196,196,510,0.5,<freesolv>|CSC,<freesolv>|CSSC,-1.61,-1.83,0.21999999999999997,train,freesolv
197,197,324,0.36538461538461536,<freesolv>|Cc1c(c(=O)n(c(=O)[nH]1)C(C)(C)C)Cl,<freesolv>|CC[C@H](C)n1c(=O)c(c([nH]c1=O)C)Br,-11.14,-9.73,-1.4100000000000001,train,freesolv
198,198,403,0.6,<freesolv>|Cc1cccc(c1N)C,<freesolv>|Cc1cccc(c1C)C,-5.21,-1.21,-4.0,train,freesolv
199,199,327,0.7096774193548387,<freesolv>|CCc1ccc(cc1)O,<freesolv>|CCCc1ccc(cc1)O,-6.13,-5.21,-0.9199999999999999,train,freesolv
200,200,210,0.5357142857142857,<freesolv>|CSc1ccccc1,<freesolv>|Cc1ccccc1,-2.73,-0.9,-1.83,train,freesolv
201,201,291,0.6341463414634146,<freesolv>|CCc1cccc2c1cccc2,<freesolv>|c1ccc2c(c1)cccc2N,-2.4,-7.28,4.880000000000001,train,freesolv
202,202,315,0.6129032258064516,<freesolv>|COc1cccc(c1)N,<freesolv>|COc1cccc(c1)O,-7.29,-7.66,0.3700000000000001,train,freesolv
203,203,320,0.35,<freesolv>|COS(=O)(=O)OC,<freesolv>|CS(=O)(=O)C,-5.1,-10.08,4.98,train,freesolv
204,204,428,0.6363636363636364,<freesolv>|CCCCCCOC(=O)C,<freesolv>|CCCCCOC(=O)CC,-2.26,-2.11,-0.1499999999999999,train,freesolv
205,205,438,0.7727272727272727,<freesolv>|CCCCC(=O)O,<freesolv>|CCCCCC(=O)O,-6.16,-6.21,0.04999999999999982,train,freesolv
206,206,285,0.3142857142857143,<freesolv>|CC(=O)CO[N+](=O)[O-],<freesolv>|C(CO[N+](=O)[O-])O[N+](=O)[O-],-5.99,-5.73,-0.2599999999999998,train,freesolv
207,207,291,0.5306122448979592,<freesolv>|CNC(=O)Oc1cccc2c1cccc2,<freesolv>|c1ccc2c(c1)cccc2N,-9.45,-7.28,-2.169999999999999,train,freesolv
208,208,394,0.25806451612903225,<freesolv>|COP(=O)([C@H](C(Cl)(Cl)Cl)O)OC,<freesolv>|CC(Cl)(Cl)Cl,-12.74,-0.19,-12.55,train,freesolv
209,209,422,0.4444444444444444,<freesolv>|CC(C)OC=O,<freesolv>|CC(C)C=O,-2.02,-2.86,0.8399999999999999,train,freesolv
210,210,370,0.5517241379310345,<freesolv>|Cc1ccccc1,<freesolv>|CC(=C)c1ccccc1,-0.9,-1.24,0.33999999999999997,train,freesolv
211,211,343,0.5294117647058824,<freesolv>|CC[C@H](C)O,<freesolv>|CCC[C@@H](C)O,-4.62,-4.39,-0.23000000000000043,train,freesolv
212,212,331,0.5813953488372093,<freesolv>|Cc1cc2ccccc2cc1C,<freesolv>|Cc1cc(c2ccccc2c1)C,-2.78,-2.47,-0.3099999999999996,train,freesolv
213,213,448,0.5384615384615384,<freesolv>|c1ccc(cc1)N,<freesolv>|c1ccc(cc1)Br,-5.49,-1.46,-4.03,train,freesolv
214,214,279,0.6129032258064516,<freesolv>|c1cc(ccc1C=O)O,<freesolv>|Cc1ccc(cc1)C=O,-8.83,-4.27,-4.5600000000000005,train,freesolv
215,215,272,0.45,<freesolv>|COCOC,<freesolv>|COCCOC,-2.93,-4.84,1.9099999999999997,train,freesolv
216,216,219,0.4,<freesolv>|CCCNCCC,<freesolv>|CCCC,-3.65,2.1,-5.75,train,freesolv
217,217,497,0.6,<freesolv>|c1cc(c(cc1O)Cl)Cl,<freesolv>|Cc1cc(ccc1Cl)O,-7.29,-6.79,-0.5,train,freesolv
218,218,395,0.5714285714285714,<freesolv>|c1ccc(c(c1)O)F,<freesolv>|c1ccc(c(c1)O)Cl,-5.29,-4.55,-0.7400000000000002,train,freesolv
219,219,478,0.4,<freesolv>|CCCC,<freesolv>|CCCCCCC,2.1,2.67,-0.5699999999999998,train,freesolv
220,220,387,0.46153846153846156,<freesolv>|C(Cl)(Cl)Cl,<freesolv>|C(C(Cl)Cl)Cl,-1.08,-1.99,0.9099999999999999,train,freesolv
221,221,449,0.88,<freesolv>|CCCCCCCC,<freesolv>|CCCCCCCCC,2.88,3.13,-0.25,train,freesolv
222,222,244,0.3055555555555556,<freesolv>|CCOP(=S)(OCC)S[C@@H](CCl)N1C(=O)c2ccccc2C1=O,<freesolv>|c1ccc2c(c1)C(=O)NC2=O,-5.74,-9.61,3.869999999999999,train,freesolv
223,223,314,0.36,<freesolv>|COc1c(ccc(c1C(=O)O)Cl)Cl,<freesolv>|COc1c(cc(c(c1O)OC)Cl)Cl,-9.86,-6.44,-3.419999999999999,train,freesolv
224,224,376,0.6,<freesolv>|c1c(c(=O)[nH]c(=O)[nH]1)I,<freesolv>|c1c(c(=O)[nH]c(=O)[nH]1)F,-18.72,-16.92,-1.7999999999999972,train,freesolv
225,225,376,0.6,<freesolv>|c1c(c(=O)[nH]c(=O)[nH]1)Br,<freesolv>|c1c(c(=O)[nH]c(=O)[nH]1)F,-18.17,-16.92,-1.25,train,freesolv
226,226,303,0.46153846153846156,<freesolv>|CC(=O)C,<freesolv>|CC(=O)NC,-3.8,-10.0,6.2,train,freesolv
227,227,472,0.5666666666666667,<freesolv>|COc1ccc(cc1)N,<freesolv>|Cc1ccc(cc1)N,-7.48,-5.57,-1.9100000000000001,train,freesolv
228,228,394,0.3,<freesolv>|CCl,<freesolv>|CC(Cl)(Cl)Cl,-0.55,-0.19,-0.36000000000000004,train,freesolv
229,229,484,0.3333333333333333,<freesolv>|CCI,<freesolv>|C(I)I,-0.74,-2.49,1.7500000000000002,train,freesolv
230,230,493,0.45,<freesolv>|COCCO,<freesolv>|CCOCCO,-6.619999999999999,-6.69,0.07000000000000117,train,freesolv
231,231,388,0.5333333333333333,<freesolv>|CC(C)(C)O,<freesolv>|CCC(C)(C)O,-4.47,-4.43,-0.040000000000000036,train,freesolv
232,232,407,0.65,<freesolv>|CCC[N+](=O)[O-],<freesolv>|CCCC[N+](=O)[O-],-3.34,-3.09,-0.25,train,freesolv
233,233,276,0.5294117647058824,<freesolv>|CC(C)CO,<freesolv>|CC(C)CCO,-4.5,-4.42,-0.08000000000000007,train,freesolv
234,234,454,0.5161290322580645,<freesolv>|CCc1cccc(c1)O,<freesolv>|c1cc(cc(c1)Cl)O,-6.25,-6.62,0.3700000000000001,train,freesolv
235,235,389,0.5,<freesolv>|CCCCl,<freesolv>|CCCl,-0.33,-0.63,0.3,train,freesolv
236,236,238,0.5,<freesolv>|CC(=O)c1cccnc1,<freesolv>|Cc1cccnc1,-8.26,-4.77,-3.49,train,freesolv
237,237,483,0.5172413793103449,<freesolv>|c1cc(c(c(c1)Cl)c2c(cc(cc2Cl)Cl)Cl)Cl,<freesolv>|c1ccc(cc1)c2c(cc(cc2Cl)Cl)Cl,-1.96,-2.16,0.20000000000000018,train,freesolv
238,238,248,0.4,<freesolv>|Cc1cccnc1,<freesolv>|Cc1ccc(nc1)C,-4.77,-4.72,-0.04999999999999982,train,freesolv
239,239,347,0.35,<freesolv>|C1CNCCN1,<freesolv>|C1CNC1,-7.4,-5.56,-1.8400000000000007,train,freesolv
240,240,425,0.5294117647058824,<freesolv>|C(C(F)(F)F)Cl,<freesolv>|C(C(F)(F)F)O,0.06,-4.31,4.369999999999999,train,freesolv
241,241,334,0.5714285714285714,<freesolv>|CCC(=O)OC,<freesolv>|CCCC(=O)OC,-2.93,-2.83,-0.10000000000000009,train,freesolv
242,242,376,0.5277777777777778,<freesolv>|c1c(c(=O)[nH]c(=O)[nH]1)C(F)(F)F,<freesolv>|c1c(c(=O)[nH]c(=O)[nH]1)F,-15.46,-16.92,1.4600000000000009,train,freesolv
243,243,478,0.35714285714285715,<freesolv>|CCCSCCC,<freesolv>|CCCCCCC,-1.28,2.67,-3.95,train,freesolv
244,244,330,0.38596491228070173,<freesolv>|c1ccc2c(c1)C(=O)NC2=O,<freesolv>|c1ccc2c(c1)C(=O)c3ccc(cc3C2=O)N,-9.61,-11.53,1.92,train,freesolv
245,245,354,0.9142857142857143,<freesolv>|CCCCCCc1ccccc1,<freesolv>|CCCCCc1ccccc1,-0.04,-0.23,0.19,train,freesolv
246,246,312,0.39285714285714285,<freesolv>|[C@@H](C(F)(F)F)(OC(F)F)Cl,<freesolv>|[C@@H](C(F)(F)F)(Cl)Br,0.1,-0.11,0.21000000000000002,train,freesolv
247,247,497,0.6,<freesolv>|Cc1ccc(cc1C)O,<freesolv>|Cc1cc(ccc1Cl)O,-6.5,-6.79,0.29000000000000004,train,freesolv
248,248,474,0.41935483870967744,<freesolv>|Cc1ccc(nc1)C,<freesolv>|Cc1cccnc1C,-4.72,-4.82,0.10000000000000053,train,freesolv
249,249,334,0.6956521739130435,<freesolv>|CCCCC(=O)OC,<freesolv>|CCCC(=O)OC,-2.56,-2.83,0.27,train,freesolv
250,250,467,0.42857142857142855,<freesolv>|c1c(cc(c(c1Cl)Cl)Cl)Cl,<freesolv>|c1cc(c(c(c1)Cl)Cl)Cl,-1.62,-1.24,-0.3800000000000001,train,freesolv
251,251,439,0.3582089552238806,<freesolv>|c1(c(c(c(c(c1Cl)Cl)Cl)Cl)Cl)N(=O)=O,<freesolv>|c1(c(c(c(c(c1Cl)Cl)Cl)Cl)Cl)c2c(c(c(c(c2Cl)Cl)Cl)Cl)Cl,-5.22,-2.98,-2.2399999999999998,train,freesolv
252,252,480,0.2222222222222222,<freesolv>|C1CCC=CC1,<freesolv>|C1CCCC1,0.14,1.2,-1.06,train,freesolv
253,253,334,0.375,<freesolv>|CCCC(=C)C,<freesolv>|CCCC(=O)OC,1.47,-2.83,4.3,train,freesolv
254,254,513,0.4444444444444444,<freesolv>|CCCCS,<freesolv>|CCCCN,-0.99,-4.24,3.25,train,freesolv
255,255,386,0.45454545454545453,<freesolv>|COC(=O)C1CCCCC1,<freesolv>|CC1CCCCC1,-3.3,1.7,-5.0,train,freesolv
256,256,366,0.4146341463414634,<freesolv>|C[C@@H]1CC[C@H](C(=O)C1)C(C)C,<freesolv>|C[C@@H]1CC[C@H]([C@@H](C1)O)C(C)C,-2.53,-3.2,0.6700000000000004,train,freesolv
257,257,441,0.027777777777777776,<freesolv>|N,<freesolv>|CCNc1nc(nc(n1)Cl)NCC,-4.29,-10.22,5.930000000000001,train,freesolv
258,258,298,0.4090909090909091,<freesolv>|CC(C)COC=O,<freesolv>|CCOC=O,-2.22,-2.56,0.33999999999999986,train,freesolv
259,259,329,0.6111111111111112,<freesolv>|CCCCC=O,<freesolv>|CCCC=O,-3.03,-3.18,0.15000000000000036,train,freesolv
260,260,459,0.48484848484848486,<freesolv>|c1ccc2c(c1)Oc3c(cc(c(c3O2)Cl)Cl)Cl,<freesolv>|c1cc2c(cc1Cl)Oc3cc(c(c(c3O2)Cl)Cl)Cl,-4.05,-3.84,-0.20999999999999996,train,freesolv
261,261,513,0.5714285714285714,<freesolv>|CCCN,<freesolv>|CCCCN,-4.39,-4.24,-0.14999999999999947,train,freesolv
262,262,312,0.2777777777777778,<freesolv>|C(F)(F)Cl,<freesolv>|[C@@H](C(F)(F)F)(Cl)Br,-0.5,-0.11,-0.39,train,freesolv
263,263,403,0.3939393939393939,<freesolv>|Cc1cccc(n1)C,<freesolv>|Cc1cccc(c1C)C,-4.59,-1.21,-3.38,train,freesolv
264,264,418,0.5357142857142857,<freesolv>|Cc1cnccn1,<freesolv>|CCc1cnccn1,-5.51,-5.45,-0.05999999999999961,train,freesolv
265,265,454,0.5161290322580645,<freesolv>|c1cc(cc(c1)O)C=O,<freesolv>|c1cc(cc(c1)Cl)O,-9.52,-6.62,-2.8999999999999995,train,freesolv
266,266,469,0.5714285714285714,<freesolv>|c1cc(ccc1O)Cl,<freesolv>|Cc1ccc(cc1)O,-7.03,-6.13,-0.9000000000000004,train,freesolv
267,267,455,0.9032258064516129,<freesolv>|CCCCCCCCCO,<freesolv>|CCCCCCCCCCO,-3.88,-3.64,-0.23999999999999977,train,freesolv
268,268,472,0.5714285714285714,<freesolv>|c1cc(ccc1N)Cl,<freesolv>|Cc1ccc(cc1)N,-5.9,-5.57,-0.33000000000000007,train,freesolv
269,269,446,0.35,<freesolv>|C(C(F)(Cl)Cl)(F)(F)Cl,<freesolv>|C(Cl)(Cl)(Cl)Cl,1.77,0.08,1.69,train,freesolv
270,270,419,0.52,<freesolv>|COc1cc(c(c(c1O)OC)Cl)C=O,<freesolv>|COc1c(c(c(c(c1Cl)C=O)Cl)OC)O,-7.78,-8.68,0.8999999999999995,train,freesolv
271,271,297,0.3181818181818182,<freesolv>|CC1=CC[C@H](C[C@@H]1O)C(=C)C,<freesolv>|C[C@@H]1CC[C@H](CC1=O)C(=C)C,-4.44,-3.75,-0.6900000000000004,train,freesolv
272,272,401,0.45,<freesolv>|COCCOC,<freesolv>|CCCOC,-4.84,-1.66,-3.1799999999999997,train,freesolv
273,273,341,0.35714285714285715,<freesolv>|CC(=C)C=C,<freesolv>|CC(=C)C,0.68,1.16,-0.47999999999999987,train,freesolv
274,274,382,0.38461538461538464,<freesolv>|CCC(=O)CC,<freesolv>|CCCC(=O)CCC,-3.41,-2.92,-0.4900000000000002,train,freesolv
275,275,324,0.21666666666666667,<freesolv>|Cn1cnc2c1c(=O)n(c(=O)n2C)C,<freesolv>|CC[C@H](C)n1c(=O)c(c([nH]c1=O)C)Br,-12.64,-9.73,-2.91,train,freesolv
276,276,488,0.4074074074074074,<freesolv>|CC(C)CCO,<freesolv>|CC(C)CCOC(=O)C,-4.42,-2.21,-2.21,train,freesolv
277,277,476,0.5,<freesolv>|CC(C)(C)c1ccccc1,<freesolv>|COC(c1ccccc1)(OC)OC,-0.44,-4.04,3.6,train,freesolv
278,278,450,0.5238095238095238,<freesolv>|CCCCCC#C,<freesolv>|CCCC#C,0.6,0.01,0.59,train,freesolv
279,279,472,0.5161290322580645,<freesolv>|Cc1ccc(cc1)C=O,<freesolv>|Cc1ccc(cc1)N,-4.27,-5.57,1.3000000000000007,train,freesolv
280,280,407,0.3,<freesolv>|C[N+](=O)[O-],<freesolv>|CCCC[N+](=O)[O-],-4.02,-3.09,-0.9299999999999997,train,freesolv
281,281,417,0.7058823529411765,<freesolv>|C(CCCl)CCl,<freesolv>|C(CCl)CCl,-2.32,-1.89,-0.42999999999999994,train,freesolv
282,282,321,0.39285714285714285,<freesolv>|c1cc2ccc3cccc4c3c2c(c1)cc4,<freesolv>|c1ccc2ccccc2c1,-4.52,-2.4,-2.1199999999999997,train,freesolv
283,283,448,0.5384615384615384,<freesolv>|c1ccc(cc1)S,<freesolv>|c1ccc(cc1)Br,-2.55,-1.46,-1.0899999999999999,train,freesolv
284,284,354,0.8484848484848485,<freesolv>|CCCCc1ccccc1,<freesolv>|CCCCCc1ccccc1,-0.4,-0.23,-0.17,train,freesolv
285,285,462,0.325,<freesolv>|C(CO[N+](=O)[O-])O[N+](=O)[O-],<freesolv>|CCCCCCO[N+](=O)[O-],-5.73,-1.66,-4.07,train,freesolv
286,286,352,0.25,<freesolv>|c1cc[nH]c1,<freesolv>|c1cnc[nH]1,-4.78,-9.63,4.8500000000000005,train,freesolv
287,287,384,0.16,<freesolv>|C1C=CC[C@@H]2[C@@H]1C(=O)N(C2=O)SC(Cl)(Cl)Cl,<freesolv>|C([N+](=O)[O-])(Cl)(Cl)Cl,-9.01,-1.45,-7.56,train,freesolv
288,288,303,0.4666666666666667,<freesolv>|CC(=O)OC,<freesolv>|CC(=O)NC,-3.13,-10.0,6.87,train,freesolv
289,289,367,0.45454545454545453,<freesolv>|CC(C)CC(C)(C)C,<freesolv>|CCC(C)(C)C,2.89,2.51,0.38000000000000034,train,freesolv
290,290,386,0.85,<freesolv>|CC1CCCC1,<freesolv>|CC1CCCCC1,1.59,1.7,-0.10999999999999988,train,freesolv
291,291,321,0.5121951219512195,<freesolv>|c1ccc2c(c1)cccc2N,<freesolv>|c1ccc2ccccc2c1,-7.28,-2.4,-4.880000000000001,train,freesolv
292,292,475,0.5588235294117647,<freesolv>|CC(C)Cc1ccccc1,<freesolv>|CC(C)c1ccccc1,0.16,-0.3,0.45999999999999996,train,freesolv
293,293,399,0.4117647058823529,<freesolv>|Cc1cc(cc(c1)O)C,<freesolv>|Cc1ccc(c(c1)O)C,-6.27,-5.91,-0.35999999999999943,train,freesolv
294,294,480,0.13793103448275862,<freesolv>|C1COCCO1,<freesolv>|C1CCCC1,-5.06,1.2,-6.26,train,freesolv
295,295,490,0.6451612903225806,<freesolv>|c1c(c(c(c(c1Cl)Cl)Cl)Cl)c2c(cc(c(c2Cl)Cl)Cl)Cl,<freesolv>|c1cc(c(c(c1c2cc(c(c(c2Cl)Cl)Cl)Cl)Cl)Cl)Cl,-4.61,-4.4,-0.20999999999999996,train,freesolv
296,296,323,0.46153846153846156,<freesolv>|CC(=O)N,<freesolv>|CCC(=O)N,-9.71,-9.4,-0.3100000000000005,train,freesolv
297,297,357,0.3333333333333333,<freesolv>|C[C@@H]1CC[C@H](CC1=O)C(=C)C,<freesolv>|CC(=O)C1CC1,-3.75,-4.61,0.8600000000000003,train,freesolv
298,298,443,0.375,<freesolv>|CCOC=O,<freesolv>|CCC=O,-2.56,-3.43,0.8700000000000001,train,freesolv
299,299,427,0.2,<freesolv>|CI,<freesolv>|CBr,-0.89,-0.82,-0.07000000000000006,train,freesolv
300,300,350,0.2857142857142857,<freesolv>|CS,<freesolv>|CCS,-1.2,-1.14,-0.06000000000000005,train,freesolv
301,301,489,1.0,<freesolv>|C[C@@H](C(F)(F)F)O,<freesolv>|C[C@H](C(F)(F)F)O,-4.16,-4.2,0.040000000000000036,train,freesolv
302,302,342,0.7272727272727273,<freesolv>|CCCCCCl,<freesolv>|CCCCCCCCl,-0.1,0.29,-0.39,train,freesolv
303,303,379,0.3076923076923077,<freesolv>|CC(=O)NC,<freesolv>|CNC,-10.0,-4.29,-5.71,train,freesolv
304,304,487,0.23076923076923078,<freesolv>|C(Br)(Br)Br,<freesolv>|CC(C)Br,-2.13,-0.48,-1.65,train,freesolv
305,305,403,0.6,<freesolv>|Cc1cccc(c1O)C,<freesolv>|Cc1cccc(c1C)C,-5.26,-1.21,-4.05,train,freesolv
306,306,485,0.6060606060606061,<freesolv>|CCCCCCCCC=O,<freesolv>|CCCCCCCC=C,-2.07,2.06,-4.13,train,freesolv
307,307,401,0.4666666666666667,<freesolv>|CCOC,<freesolv>|CCCOC,-2.1,-1.66,-0.44000000000000017,train,freesolv
308,308,309,0.06666666666666667,<freesolv>|S,<freesolv>|CC[C@@H](C)CO,-0.7,-4.42,3.7199999999999998,train,freesolv
309,309,431,0.5,<freesolv>|CC[C@@H](C)CO,<freesolv>|CCC(C)CC,-4.42,2.51,-6.93,train,freesolv
310,310,348,0.6,<freesolv>|CC(C)C(C)C(C)C,<freesolv>|CC(C)C(C)C,2.56,2.34,0.2200000000000002,train,freesolv
311,311,355,0.36,<freesolv>|c1cc2cccc3c2c(c1)CC3,<freesolv>|c1ccc2cc(ccc2c1)O,-3.15,-8.11,4.959999999999999,train,freesolv
312,312,489,0.42857142857142855,<freesolv>|[C@@H](C(F)(F)F)(Cl)Br,<freesolv>|C[C@H](C(F)(F)F)O,-0.11,-4.2,4.09,train,freesolv
313,313,436,0.6956521739130435,<freesolv>|CCCC[C@@H](C)CC,<freesolv>|CCC[C@H](C)CC,2.97,2.71,0.26000000000000023,train,freesolv
314,314,419,0.5208333333333334,<freesolv>|COc1c(cc(c(c1O)OC)Cl)Cl,<freesolv>|COc1c(c(c(c(c1Cl)C=O)Cl)OC)O,-6.44,-8.68,2.2399999999999993,train,freesolv
315,315,454,0.5161290322580645,<freesolv>|COc1cccc(c1)O,<freesolv>|c1cc(cc(c1)Cl)O,-7.66,-6.62,-1.04,train,freesolv
316,316,448,0.4827586206896552,<freesolv>|c1ccc(cc1)C#N,<freesolv>|c1ccc(cc1)Br,-4.1,-1.46,-2.6399999999999997,train,freesolv
317,317,392,0.37142857142857144,<freesolv>|c1cnccc1C#N,<freesolv>|c1cc(cc(c1)O)C#N,-6.02,-9.65,3.630000000000001,train,freesolv
318,318,428,0.3191489361702128,<freesolv>|CCCCN(CC)C(=O)SCCC,<freesolv>|CCCCCOC(=O)CC,-3.64,-2.11,-1.5300000000000002,train,freesolv
319,319,513,0.7058823529411765,<freesolv>|CCCCCN,<freesolv>|CCCCN,-4.09,-4.24,0.15000000000000036,train,freesolv
320,320,374,0.2,<freesolv>|CS(=O)(=O)C,<freesolv>|CS(=O)C,-10.08,-9.28,-0.8000000000000007,train,freesolv
321,321,355,0.55,<freesolv>|c1ccc2ccccc2c1,<freesolv>|c1ccc2cc(ccc2c1)O,-2.4,-8.11,5.709999999999999,train,freesolv
322,322,477,0.4411764705882353,<freesolv>|CCOc1ccccc1,<freesolv>|c1ccc(cc1)CBr,-2.22,-2.38,0.1599999999999997,train,freesolv
323,323,458,0.3076923076923077,<freesolv>|CCC(=O)N,<freesolv>|CCO,-9.4,-5.0,-4.4,train,freesolv
324,324,457,0.20512820512820512,<freesolv>|CC[C@H](C)n1c(=O)c(c([nH]c1=O)C)Br,<freesolv>|CCC(C)C,-9.73,2.38,-12.11,train,freesolv
325,325,430,0.45454545454545453,<freesolv>|c1ccc(cc1)[N+](=O)[O-],<freesolv>|c1ccc(cc1)C=O,-4.12,-4.02,-0.10000000000000053,train,freesolv
326,326,351,0.3157894736842105,<freesolv>|CCSSCC,<freesolv>|CCSC,-1.64,-1.5,-0.1399999999999999,train,freesolv
327,327,469,0.5151515151515151,<freesolv>|CCCc1ccc(cc1)O,<freesolv>|Cc1ccc(cc1)O,-5.21,-6.13,0.9199999999999999,train,freesolv
328,328,460,0.375,<freesolv>|C=CCC=C,<freesolv>|C=CC=C,0.93,0.56,0.37,train,freesolv
329,329,443,0.4666666666666667,<freesolv>|CCCC=O,<freesolv>|CCC=O,-3.18,-3.43,0.25,train,freesolv
330,330,494,0.5555555555555556,<freesolv>|c1ccc2c(c1)C(=O)c3ccc(cc3C2=O)N,<freesolv>|c1ccc2c(c1)C(=O)c3c(ccc(c3C2=O)N)N,-11.53,-11.85,0.3200000000000003,train,freesolv
331,331,361,0.5111111111111111,<freesolv>|Cc1cc(c2ccccc2c1)C,<freesolv>|Cc1ccc(c2c1cccc2)C,-2.47,-2.82,0.34999999999999964,train,freesolv
332,332,365,0.3953488372093023,<freesolv>|c1ccc(cc1)O[C@@H](C(F)F)F,<freesolv>|c1ccc(cc1)C(F)(F)F,-1.29,-0.25,-1.04,train,freesolv
333,333,435,0.625,<freesolv>|c1ccc(cc1)c2cc(ccc2Cl)Cl,<freesolv>|c1ccc(cc1)c2ccccc2Cl,-2.46,-2.69,0.22999999999999998,train,freesolv
334,334,402,0.5,<freesolv>|CCCC(=O)OC,<freesolv>|CCCC(=O)OCCC,-2.83,-2.28,-0.5500000000000003,train,freesolv
335,335,337,0.17777777777777778,<freesolv>|CC(=CCC/C(=C/CO)/C)C,<freesolv>|CCCCCCC(=O)C,-4.45,-2.88,-1.5700000000000003,train,freesolv
336,336,459,0.6451612903225806,<freesolv>|c1cc2c(cc1Cl)Oc3c(c(c(c(c3Cl)Cl)Cl)Cl)O2,<freesolv>|c1cc2c(cc1Cl)Oc3cc(c(c(c3O2)Cl)Cl)Cl,-4.15,-3.84,-0.3100000000000005,train,freesolv
337,337,438,0.5517241379310345,<freesolv>|CCCCCCC(=O)C,<freesolv>|CCCCCC(=O)O,-2.88,-6.21,3.33,train,freesolv
338,338,369,0.6285714285714286,<freesolv>|Cc1ccc(cc1)C(=O)C,<freesolv>|CC(=O)c1ccc(cc1)OC,-4.7,-4.4,-0.2999999999999998,train,freesolv
339,339,505,0.3548387096774194,<freesolv>|c1ccnc(c1)Cl,<freesolv>|Cc1ccccc1Cl,-4.39,-1.14,-3.25,train,freesolv
340,340,482,0.6666666666666666,<freesolv>|CCCCCCCCBr,<freesolv>|CCCCCCCCN,0.52,-3.65,4.17,train,freesolv
341,341,492,0.5,<freesolv>|CC(=C)C,<freesolv>|CC(=C)C(=C)C,1.16,0.4,0.7599999999999999,train,freesolv
342,342,496,0.6296296296296297,<freesolv>|CCCCCCCCl,<freesolv>|CCCCCCCI,0.29,0.27,0.019999999999999962,train,freesolv
343,343,508,0.5,<freesolv>|CCC[C@@H](C)O,<freesolv>|CCC[C@H](CC)O,-4.39,-4.06,-0.33000000000000007,train,freesolv
344,344,355,0.4418604651162791,<freesolv>|c1ccc2c(c1)cccn2,<freesolv>|c1ccc2cc(ccc2c1)O,-5.72,-8.11,2.3899999999999997,train,freesolv
345,345,397,0.3793103448275862,<freesolv>|CN1CCNCC1,<freesolv>|CN1CCCCC1,-7.77,-3.88,-3.8899999999999997,train,freesolv
346,346,448,0.4827586206896552,<freesolv>|CNc1ccccc1,<freesolv>|c1ccc(cc1)Br,-4.69,-1.46,-3.2300000000000004,train,freesolv
347,347,465,0.5,<freesolv>|C1CNC1,<freesolv>|C1CCNCC1,-5.56,-5.11,-0.4499999999999993,train,freesolv
348,348,433,0.5,<freesolv>|CC(C)C(C)C,<freesolv>|CC[C@@H](C)C(C)C,2.34,2.52,-0.18000000000000016,train,freesolv
349,349,464,0.4838709677419355,<freesolv>|CCCCOC[C@H](C)O,<freesolv>|CCCCOCCO,-5.73,-6.25,0.5199999999999996,train,freesolv
350,350,458,0.3333333333333333,<freesolv>|CCS,<freesolv>|CCO,-1.14,-5.0,3.8600000000000003,train,freesolv
351,351,510,0.2857142857142857,<freesolv>|CCSC,<freesolv>|CSSC,-1.5,-1.83,0.33000000000000007,train,freesolv
352,352,416,0.23076923076923078,<freesolv>|c1cnc[nH]1,<freesolv>|Cc1c[nH]cn1,-9.63,-10.27,0.6399999999999988,train,freesolv
353,353,506,0.8421052631578947,<freesolv>|CCCCCO,<freesolv>|CCCCCCO,-4.57,-4.4,-0.16999999999999993,train,freesolv
354,354,432,0.6486486486486487,<freesolv>|CCCCCc1ccccc1,<freesolv>|c1ccc(cc1)CCCO,-0.23,-6.92,6.6899999999999995,train,freesolv
355,355,498,0.375,<freesolv>|c1ccc2cc(ccc2c1)O,<freesolv>|Cc1ccc2cc(ccc2c1)C,-8.11,-2.63,-5.4799999999999995,train,freesolv
356,356,413,0.5789473684210527,<freesolv>|Cc1ccc(c(c1)OC)O,<freesolv>|CCCc1ccc(c(c1)OC)O,-5.8,-5.26,-0.54,train,freesolv
357,357,358,0.21428571428571427,<freesolv>|CC(=O)C1CC1,<freesolv>|C[C@H]1CC[C@@H](O1)C,-4.61,-2.92,-1.6900000000000004,train,freesolv
358,358,362,0.3225806451612903,<freesolv>|C[C@H]1CC[C@@H](O1)C,<freesolv>|C[C@@H]1CCCC[C@@H]1C,-2.92,1.58,-4.5,train,freesolv
359,359,425,0.07894736842105263,<freesolv>|C1(C(C(C1(F)F)(F)F)(F)F)(F)F,<freesolv>|C(C(F)(F)F)O,3.43,-4.31,7.74,train,freesolv
360,360,402,0.5483870967741935,<freesolv>|CCCCC(=O)OCC,<freesolv>|CCCC(=O)OCCC,-2.49,-2.28,-0.2100000000000004,train,freesolv
361,361,512,0.3770491803278688,<freesolv>|Cc1ccc(c2c1cccc2)C,<freesolv>|Cc1cccc(c1C)Nc2ccccc2C(=O)O,-2.82,-6.78,3.9600000000000004,train,freesolv
362,362,386,0.4482758620689655,<freesolv>|C[C@@H]1CCCC[C@@H]1C,<freesolv>|CC1CCCCC1,1.58,1.7,-0.11999999999999988,train,freesolv
363,363,461,0.4642857142857143,<freesolv>|CCC[N@@](CC1CC1)c2c(cc(cc2[N+](=O)[O-])C(F)(F)F)[N+](=O)[O-],<freesolv>|CCCN(CCC)c1c(cc(cc1[N+](=O)[O-])S(=O)(=O)C)[N+](=O)[O-],-2.45,-7.98,5.53,train,freesolv
364,364,506,0.8636363636363636,<freesolv>|CCCCCCCO,<freesolv>|CCCCCCO,-4.21,-4.4,0.1900000000000004,train,freesolv
365,365,481,0.5121951219512195,<freesolv>|c1ccc(cc1)C(F)(F)F,<freesolv>|CN(CC(F)(F)F)c1ccccc1,-0.25,-1.92,1.67,train,freesolv
366,366,386,0.225,<freesolv>|C[C@@H]1CC[C@H]([C@@H](C1)O)C(C)C,<freesolv>|CC1CCCCC1,-3.2,1.7,-4.9,train,freesolv
367,367,388,0.5294117647058824,<freesolv>|CCC(C)(C)C,<freesolv>|CCC(C)(C)O,2.51,-4.43,6.9399999999999995,train,freesolv
368,368,463,0.4666666666666667,<freesolv>|CC[C@H](C)Cl,<freesolv>|C[C@@H](CCl)Cl,0.0,-1.27,1.27,train,freesolv
369,369,381,0.41025641025641024,<freesolv>|CC(=O)c1ccc(cc1)OC,<freesolv>|CC(=O)c1ccccc1,-4.4,-4.58,0.17999999999999972,train,freesolv
370,370,381,0.6666666666666666,<freesolv>|CC(=C)c1ccccc1,<freesolv>|CC(=O)c1ccccc1,-1.24,-4.58,3.34,train,freesolv
371,371,448,0.5384615384615384,<freesolv>|c1ccc(cc1)I,<freesolv>|c1ccc(cc1)Br,-1.74,-1.46,-0.28,train,freesolv
372,372,406,0.13333333333333333,<freesolv>|C(=C\Cl)\Cl,<freesolv>|C=C(Cl)Cl,-1.17,0.25,-1.42,train,freesolv
373,373,439,0.13333333333333333,<freesolv>|C1[C@H]([C@@H]2[C@H]([C@H]1Cl)[C@]3(C(=C([C@@]2(C3(Cl)Cl)Cl)Cl)Cl)Cl)Cl,<freesolv>|c1(c(c(c(c(c1Cl)Cl)Cl)Cl)Cl)c2c(c(c(c(c2Cl)Cl)Cl)Cl)Cl,-3.44,-2.98,-0.45999999999999996,train,freesolv
374,374,422,0.1875,<freesolv>|CS(=O)C,<freesolv>|CC(C)C=O,-9.28,-2.86,-6.42,train,freesolv
375,375,398,0.43478260869565216,<freesolv>|COC(=O)CC#N,<freesolv>|COC(=O)CCl,-6.72,-4.0,-2.7199999999999998,train,freesolv
376,376,473,0.3333333333333333,<freesolv>|c1c(c(=O)[nH]c(=O)[nH]1)F,<freesolv>|c1c(=O)[nH]c(=O)[nH]c1Cl,-16.92,-15.83,-1.0900000000000016,train,freesolv
377,377,508,0.5714285714285714,<freesolv>|CCC(CC)O,<freesolv>|CCC[C@H](CC)O,-4.35,-4.06,-0.29000000000000004,train,freesolv
378,378,395,0.5161290322580645,<freesolv>|CCc1ccccc1O,<freesolv>|c1ccc(c(c1)O)Cl,-5.66,-4.55,-1.1100000000000003,train,freesolv
379,379,487,0.16666666666666666,<freesolv>|CNC,<freesolv>|CC(C)Br,-4.29,-0.48,-3.81,train,freesolv
380,380,480,0.34615384615384615,<freesolv>|C1CCC(=O)CC1,<freesolv>|C1CCCC1,-4.91,1.2,-6.11,train,freesolv
381,381,430,0.45454545454545453,<freesolv>|CC(=O)c1ccccc1,<freesolv>|c1ccc(cc1)C=O,-4.58,-4.02,-0.5600000000000005,train,freesolv
382,382,402,0.5,<freesolv>|CCCC(=O)CCC,<freesolv>|CCCC(=O)OCCC,-2.92,-2.28,-0.6400000000000001,train,freesolv
383,383,435,0.3382352941176471,<freesolv>|C[C@@H](c1cccc(c1)C(=O)c2ccccc2)C(=O)O,<freesolv>|c1ccc(cc1)c2ccccc2Cl,-10.78,-2.69,-8.09,train,freesolv
384,384,446,0.3888888888888889,<freesolv>|C([N+](=O)[O-])(Cl)(Cl)Cl,<freesolv>|C(Cl)(Cl)(Cl)Cl,-1.45,0.08,-1.53,train,freesolv
385,385,404,0.125,<freesolv>|NN,<freesolv>|CCN,-9.3,-4.5,-4.800000000000001,train,freesolv
386,386,409,0.5384615384615384,<freesolv>|CC1CCCCC1,<freesolv>|C1CCC(CC1)N,1.7,-4.59,6.29,train,freesolv
387,387,463,0.4666666666666667,<freesolv>|C(C(Cl)Cl)Cl,<freesolv>|C[C@@H](CCl)Cl,-1.99,-1.27,-0.72,train,freesolv
388,388,500,0.5789473684210527,<freesolv>|CCC(C)(C)O,<freesolv>|CCCC(C)(C)O,-4.43,-3.92,-0.5099999999999998,train,freesolv
389,389,458,0.3333333333333333,<freesolv>|CCCl,<freesolv>|CCO,-0.63,-5.0,4.37,train,freesolv
390,390,507,0.34146341463414637,<freesolv>|CCOC(=O)CC(=O)OCC,<freesolv>|CC(=O)OCCOC(=O)C,-6.0,-6.34,0.33999999999999986,train,freesolv
391,391,443,0.2727272727272727,<freesolv>|CCC/C=C/C=O,<freesolv>|CCC=O,-3.68,-3.43,-0.25,train,freesolv
392,392,454,0.5161290322580645,<freesolv>|c1cc(cc(c1)O)C#N,<freesolv>|c1cc(cc(c1)Cl)O,-9.65,-6.62,-3.0300000000000002,train,freesolv
393,393,457,0.375,<freesolv>|CC(C)OC,<freesolv>|CCC(C)C,-2.01,2.38,-4.39,train,freesolv
394,394,446,0.5384615384615384,<freesolv>|CC(Cl)(Cl)Cl,<freesolv>|C(Cl)(Cl)(Cl)Cl,-0.19,0.08,-0.27,train,freesolv
395,395,505,0.5714285714285714,<freesolv>|c1ccc(c(c1)O)Cl,<freesolv>|Cc1ccccc1Cl,-4.55,-1.14,-3.41,train,freesolv
396,396,505,0.25806451612903225,<freesolv>|Cc1cccs1,<freesolv>|Cc1ccccc1Cl,-1.38,-1.14,-0.24,train,freesolv
397,397,480,0.34615384615384615,<freesolv>|CN1CCCCC1,<freesolv>|C1CCCC1,-3.88,1.2,-5.08,train,freesolv
398,398,445,0.25925925925925924,<freesolv>|COC(=O)CCl,<freesolv>|CC(C)(C)C(=O)OC,-4.0,-2.4,-1.6,train,freesolv
399,399,497,0.4117647058823529,<freesolv>|Cc1ccc(c(c1)O)C,<freesolv>|Cc1cc(ccc1Cl)O,-5.91,-6.79,0.8799999999999999,train,freesolv
400,400,443,0.36363636363636365,<freesolv>|CC=O,<freesolv>|CCC=O,-3.5,-3.43,-0.06999999999999984,train,freesolv
401,401,511,0.4444444444444444,<freesolv>|CCCOC,<freesolv>|COCCN,-1.66,-6.55,4.89,train,freesolv
402,402,428,0.5,<freesolv>|CCCC(=O)OCCC,<freesolv>|CCCCCOC(=O)CC,-2.28,-2.11,-0.16999999999999993,train,freesolv
403,403,474,0.3939393939393939,<freesolv>|Cc1cccc(c1C)C,<freesolv>|Cc1cccnc1C,-1.21,-4.82,3.6100000000000003,train,freesolv
404,404,513,0.35714285714285715,<freesolv>|CCN,<freesolv>|CCCCN,-4.5,-4.24,-0.2599999999999998,train,freesolv
405,405,513,0.38095238095238093,<freesolv>|CCCCC#N,<freesolv>|CCCCN,-3.52,-4.24,0.7200000000000002,train,freesolv
406,406,492,0.16666666666666666,<freesolv>|C=C(Cl)Cl,<freesolv>|CC(=C)C(=C)C,0.25,0.4,-0.15000000000000002,train,freesolv
407,407,462,0.40625,<freesolv>|CCCC[N+](=O)[O-],<freesolv>|CCCCCCO[N+](=O)[O-],-3.09,-1.66,-1.43,train,freesolv
408,408,409,0.34375,<freesolv>|CCCC1CCCC1,<freesolv>|C1CCC(CC1)N,2.13,-4.59,6.72,train,freesolv
409,409,479,0.4827586206896552,<freesolv>|C1CCC(CC1)N,<freesolv>|C1CCCC(CC1)O,-4.59,-5.48,0.8900000000000006,train,freesolv
410,410,495,0.5636363636363636,<freesolv>|CCOP(=S)(OCC)SCSP(=S)(OCC)OCC,<freesolv>|CCOP(=S)(OCC)SCSCC,-6.1,-4.37,-1.7299999999999995,train,freesolv
411,411,513,0.4444444444444444,<freesolv>|CCCCBr,<freesolv>|CCCCN,-0.4,-4.24,3.8400000000000003,train,freesolv
412,412,433,0.4782608695652174,<freesolv>|CC[C@H](C(C)C)O,<freesolv>|CC[C@@H](C)C(C)C,-3.88,2.52,-6.4,train,freesolv
413,413,471,0.28888888888888886,<freesolv>|CCCc1ccc(c(c1)OC)O,<freesolv>|COc1ccccc1N,-5.26,-6.12,0.8600000000000003,train,freesolv
414,414,466,0.4838709677419355,<freesolv>|CCOCCOCC,<freesolv>|CCOCCOC(=O)C,-3.54,-5.31,1.7699999999999996,train,freesolv
415,415,464,0.7083333333333334,<freesolv>|CCCOCCO,<freesolv>|CCCCOCCO,-6.4,-6.25,-0.15000000000000036,train,freesolv
416,416,474,0.21875,<freesolv>|Cc1c[nH]cn1,<freesolv>|Cc1cccnc1C,-10.27,-4.82,-5.449999999999999,train,freesolv
417,417,463,0.2,<freesolv>|C(CCl)CCl,<freesolv>|C[C@@H](CCl)Cl,-1.89,-1.27,-0.6199999999999999,train,freesolv
418,418,502,0.21621621621621623,<freesolv>|CCc1cnccn1,<freesolv>|Cc1cc(cnc1)C,-5.45,-4.84,-0.6100000000000003,train,freesolv
419,419,459,0.17105263157894737,<freesolv>|COc1c(c(c(c(c1Cl)C=O)Cl)OC)O,<freesolv>|c1cc2c(cc1Cl)Oc3cc(c(c(c3O2)Cl)Cl)Cl,-8.68,-3.84,-4.84,train,freesolv
420,420,485,0.76,<freesolv>|CCCCCC=C,<freesolv>|CCCCCCCC=C,1.66,2.06,-0.40000000000000013,train,freesolv
421,421,501,0.36,<freesolv>|c1cc(ccc1Cl)Cl,<freesolv>|c1cc2c(cc1Cl)Oc3ccc(cc3O2)Cl,-1.01,-3.67,2.66,train,freesolv
422,422,487,0.35714285714285715,<freesolv>|CC(C)C=O,<freesolv>|CC(C)Br,-2.86,-0.48,-2.38,train,freesolv
423,423,486,0.5238095238095238,<freesolv>|c1cc(ccc1[N+](=O)[O-])O,<freesolv>|CN(C)C(=O)c1ccc(cc1)[N+](=O)[O-],-10.64,-11.95,1.3099999999999987,train,freesolv
424,424,458,0.25,<freesolv>|C=CCO,<freesolv>|CCO,-5.03,-5.0,-0.03000000000000025,train,freesolv
425,425,489,0.4,<freesolv>|C(C(F)(F)F)O,<freesolv>|C[C@H](C(F)(F)F)O,-4.31,-4.2,-0.10999999999999943,train,freesolv
426,426,456,0.475,<freesolv>|c1ccc(cc1)Cn2ccnc2,<freesolv>|c1ccc(cc1)CCl,-7.63,-1.93,-5.7,train,freesolv
427,427,487,0.2222222222222222,<freesolv>|CBr,<freesolv>|CC(C)Br,-0.82,-0.48,-0.33999999999999997,train,freesolv
428,428,478,0.4375,<freesolv>|CCCCCOC(=O)CC,<freesolv>|CCCCCCC,-2.11,2.67,-4.779999999999999,train,freesolv
429,429,444,0.4375,<freesolv>|CC(OC)(OC)OC,<freesolv>|COCC(OC)(OC)OC,-4.42,-5.73,1.3100000000000005,train,freesolv
430,430,448,0.4827586206896552,<freesolv>|c1ccc(cc1)C=O,<freesolv>|c1ccc(cc1)Br,-4.02,-1.46,-2.5599999999999996,train,freesolv
431,431,436,0.5714285714285714,<freesolv>|CCC(C)CC,<freesolv>|CCC[C@H](C)CC,2.51,2.71,-0.20000000000000018,train,freesolv
432,432,477,0.5294117647058824,<freesolv>|c1ccc(cc1)CCCO,<freesolv>|c1ccc(cc1)CBr,-6.92,-2.38,-4.54,train,freesolv
433,433,457,0.47368421052631576,<freesolv>|CC[C@@H](C)C(C)C,<freesolv>|CCC(C)C,2.52,2.38,0.14000000000000012,train,freesolv
434,434,479,0.08888888888888889,<freesolv>|C1[C@H]([C@@H]([C@H]([C@H](O1)O)O)O)O,<freesolv>|C1CCCC(CC1)O,-20.52,-5.48,-15.04,train,freesolv
435,435,483,0.42857142857142855,<freesolv>|c1ccc(cc1)c2ccccc2Cl,<freesolv>|c1ccc(cc1)c2c(cc(cc2Cl)Cl)Cl,-2.69,-2.16,-0.5299999999999998,train,freesolv
436,436,508,0.5,<freesolv>|CCC[C@H](C)CC,<freesolv>|CCC[C@H](CC)O,2.71,-4.06,6.77,train,freesolv
437,437,473,0.37142857142857144,<freesolv>|c1(=O)[nH]c(=O)[nH]c(=O)[nH]1,<freesolv>|c1c(=O)[nH]c(=O)[nH]c1Cl,-18.06,-15.83,-2.2299999999999986,train,freesolv
438,438,506,0.42857142857142855,<freesolv>|CCCCCC(=O)O,<freesolv>|CCCCCCO,-6.21,-4.4,-1.8099999999999996,train,freesolv
439,439,490,0.37662337662337664,<freesolv>|c1(c(c(c(c(c1Cl)Cl)Cl)Cl)Cl)c2c(c(c(c(c2Cl)Cl)Cl)Cl)Cl,<freesolv>|c1cc(c(c(c1c2cc(c(c(c2Cl)Cl)Cl)Cl)Cl)Cl)Cl,-2.98,-4.4,1.4200000000000004,train,freesolv
440,440,495,0.25757575757575757,<freesolv>|CCOP(=S)(OCC)Oc1c(cc(c(n1)Cl)Cl)Cl,<freesolv>|CCOP(=S)(OCC)SCSCC,-5.04,-4.37,-0.6699999999999999,train,freesolv
441,441,508,0.125,<freesolv>|CCNc1nc(nc(n1)Cl)NCC,<freesolv>|CCC[C@H](CC)O,-10.22,-4.06,-6.160000000000001,train,freesolv
442,442,475,0.27450980392156865,<freesolv>|C[C@@H](c1ccc(cc1)CC(C)C)C(=O)O,<freesolv>|CC(C)c1ccccc1,-7.0,-0.3,-6.7,train,freesolv
443,443,458,0.25,<freesolv>|CCC=O,<freesolv>|CCO,-3.43,-5.0,1.5699999999999998,train,freesolv
444,444,509,0.5294117647058824,<freesolv>|COCC(OC)(OC)OC,<freesolv>|COC(CC#N)(OC)OC,-5.73,-6.4,0.6699999999999999,train,freesolv
445,445,500,0.2413793103448276,<freesolv>|CC(C)(C)C(=O)OC,<freesolv>|CCCC(C)(C)O,-2.4,-3.92,1.52,train,freesolv
446,446,463,0.10526315789473684,<freesolv>|C(Cl)(Cl)(Cl)Cl,<freesolv>|C[C@@H](CCl)Cl,0.08,-1.27,1.35,train,freesolv
447,447,501,0.41935483870967744,<freesolv>|c1ccc2c(c1)Oc3ccccc3O2,<freesolv>|c1cc2c(cc1Cl)Oc3ccc(cc3O2)Cl,-3.15,-3.67,0.52,train,freesolv
448,448,477,0.5357142857142857,<freesolv>|c1ccc(cc1)Br,<freesolv>|c1ccc(cc1)CBr,-1.46,-2.38,0.9199999999999999,train,freesolv
449,449,478,0.76,<freesolv>|CCCCCCCCC,<freesolv>|CCCCCCC,3.13,2.67,0.45999999999999996,train,freesolv
450,450,508,0.24,<freesolv>|CCCC#C,<freesolv>|CCC[C@H](CC)O,0.01,-4.06,4.069999999999999,train,freesolv
451,451,505,0.5714285714285714,<freesolv>|c1ccc(c(c1)N)Cl,<freesolv>|Cc1ccccc1Cl,-4.91,-1.14,-3.7700000000000005,train,freesolv
452,452,506,0.6,<freesolv>|CCCCO,<freesolv>|CCCCCCO,-4.72,-4.4,-0.3199999999999994,train,freesolv
453,453,509,0.325,<freesolv>|COC(C(F)(F)F)(OC)OC,<freesolv>|COC(CC#N)(OC)OC,-0.8,-6.4,5.6000000000000005,train,freesolv
454,454,503,0.5714285714285714,<freesolv>|c1cc(cc(c1)Cl)O,<freesolv>|c1cc(cc(c1)Cl)N,-6.62,-5.82,-0.7999999999999998,train,freesolv
455,455,506,0.6129032258064516,<freesolv>|CCCCCCCCCCO,<freesolv>|CCCCCCO,-3.64,-4.4,0.7600000000000002,train,freesolv
456,456,477,0.6428571428571429,<freesolv>|c1ccc(cc1)CCl,<freesolv>|c1ccc(cc1)CBr,-1.93,-2.38,0.44999999999999996,train,freesolv
457,457,487,0.35714285714285715,<freesolv>|CCC(C)C,<freesolv>|CC(C)Br,2.38,-0.48,2.86,train,freesolv
458,458,493,0.29411764705882354,<freesolv>|CCO,<freesolv>|CCOCCO,-5.0,-6.69,1.6900000000000004,train,freesolv
459,459,501,0.5238095238095238,<freesolv>|c1cc2c(cc1Cl)Oc3cc(c(c(c3O2)Cl)Cl)Cl,<freesolv>|c1cc2c(cc1Cl)Oc3ccc(cc3O2)Cl,-3.84,-3.67,-0.16999999999999993,train,freesolv
460,460,492,0.1,<freesolv>|C=CC=C,<freesolv>|CC(=C)C(=C)C,0.56,0.4,0.16000000000000003,train,freesolv
461,461,462,0.17567567567567569,<freesolv>|CCCN(CCC)c1c(cc(cc1[N+](=O)[O-])S(=O)(=O)C)[N+](=O)[O-],<freesolv>|CCCCCCO[N+](=O)[O-],-7.98,-1.66,-6.32,train,freesolv
462,462,506,0.4375,<freesolv>|CCCCCCO[N+](=O)[O-],<freesolv>|CCCCCCO,-1.66,-4.4,2.74,train,freesolv
463,463,487,0.1875,<freesolv>|C[C@@H](CCl)Cl,<freesolv>|CC(C)Br,-1.27,-0.48,-0.79,train,freesolv
464,464,493,0.52,<freesolv>|CCCCOCCO,<freesolv>|CCOCCO,-6.25,-6.69,0.4400000000000004,train,freesolv
465,465,480,0.375,<freesolv>|C1CCNCC1,<freesolv>|C1CCCC1,-5.11,1.2,-6.3100000000000005,train,freesolv
466,466,507,0.5151515151515151,<freesolv>|CCOCCOC(=O)C,<freesolv>|CC(=O)OCCOC(=O)C,-5.31,-6.34,1.0300000000000002,train,freesolv
467,467,505,0.35294117647058826,<freesolv>|c1cc(c(c(c1)Cl)Cl)Cl,<freesolv>|Cc1ccccc1Cl,-1.24,-1.14,-0.10000000000000009,train,freesolv
468,468,487,0.45454545454545453,<freesolv>|CC(C)O,<freesolv>|CC(C)Br,-4.74,-0.48,-4.26,train,freesolv
469,469,472,0.5714285714285714,<freesolv>|Cc1ccc(cc1)O,<freesolv>|Cc1ccc(cc1)N,-6.13,-5.57,-0.5599999999999996,train,freesolv
470,470,508,0.2222222222222222,<freesolv>|C(C(CO)O)O,<freesolv>|CCC[C@H](CC)O,-13.43,-4.06,-9.370000000000001,train,freesolv
471,471,505,0.38235294117647056,<freesolv>|COc1ccccc1N,<freesolv>|Cc1ccccc1Cl,-6.12,-1.14,-4.98,train,freesolv
472,472,498,0.36585365853658536,<freesolv>|Cc1ccc(cc1)N,<freesolv>|Cc1ccc2cc(ccc2c1)C,-5.57,-2.63,-2.9400000000000004,train,freesolv
473,473,497,0.17073170731707318,<freesolv>|c1c(=O)[nH]c(=O)[nH]c1Cl,<freesolv>|Cc1cc(ccc1Cl)O,-15.83,-6.79,-9.04,train,freesolv
474,474,505,0.3333333333333333,<freesolv>|Cc1cccnc1C,<freesolv>|Cc1ccccc1Cl,-4.82,-1.14,-3.6800000000000006,train,freesolv
475,475,477,0.4117647058823529,<freesolv>|CC(C)c1ccccc1,<freesolv>|c1ccc(cc1)CBr,-0.3,-2.38,2.08,train,freesolv
476,476,477,0.3111111111111111,<freesolv>|COC(c1ccccc1)(OC)OC,<freesolv>|c1ccc(cc1)CBr,-4.04,-2.38,-1.6600000000000001,train,freesolv
477,477,481,0.3488372093023256,<freesolv>|c1ccc(cc1)CBr,<freesolv>|CN(CC(F)(F)F)c1ccccc1,-2.38,-1.92,-0.45999999999999996,train,freesolv
478,478,506,0.5833333333333334,<freesolv>|CCCCCCC,<freesolv>|CCCCCCO,2.67,-4.4,7.07,train,freesolv
479,479,491,0.41379310344827586,<freesolv>|C1CCCC(CC1)O,<freesolv>|C1CCCCC1,-5.48,1.23,-6.710000000000001,train,freesolv
480,480,491,0.8333333333333334,<freesolv>|C1CCCC1,<freesolv>|C1CCCCC1,1.2,1.23,-0.030000000000000027,train,freesolv
481,481,505,0.26666666666666666,<freesolv>|CN(CC(F)(F)F)c1ccccc1,<freesolv>|Cc1ccccc1Cl,-1.92,-1.14,-0.78,train,freesolv
482,482,496,0.5666666666666667,<freesolv>|CCCCCCCCN,<freesolv>|CCCCCCCI,-3.65,0.27,-3.92,train,freesolv
483,483,505,0.30612244897959184,<freesolv>|c1ccc(cc1)c2c(cc(cc2Cl)Cl)Cl,<freesolv>|Cc1ccccc1Cl,-2.16,-1.14,-1.0200000000000002,train,freesolv
484,484,496,0.12,<freesolv>|C(I)I,<freesolv>|CCCCCCCI,-2.49,0.27,-2.7600000000000002,train,freesolv
485,485,496,0.5666666666666667,<freesolv>|CCCCCCCC=C,<freesolv>|CCCCCCCI,2.06,0.27,1.79,train,freesolv
486,486,512,0.20833333333333334,<freesolv>|CN(C)C(=O)c1ccc(cc1)[N+](=O)[O-],<freesolv>|Cc1cccc(c1C)Nc2ccccc2C(=O)O,-11.95,-6.78,-5.169999999999999,train,freesolv
487,487,499,0.25,<freesolv>|CC(C)Br,<freesolv>|CC(C)CC(=O)O,-0.48,-6.09,5.609999999999999,train,freesolv
488,488,507,0.4,<freesolv>|CC(C)CCOC(=O)C,<freesolv>|CC(=O)OCCOC(=O)C,-2.21,-6.34,4.13,train,freesolv
489,489,508,0.17857142857142858,<freesolv>|C[C@H](C(F)(F)F)O,<freesolv>|CCC[C@H](CC)O,-4.2,-4.06,-0.14000000000000057,train,freesolv
490,490,497,0.21311475409836064,<freesolv>|c1cc(c(c(c1c2cc(c(c(c2Cl)Cl)Cl)Cl)Cl)Cl)Cl,<freesolv>|Cc1cc(ccc1Cl)O,-4.4,-6.79,2.3899999999999997,train,freesolv
491,491,513,0.0,<freesolv>|C1CCCCC1,<freesolv>|CCCCN,1.23,-4.24,5.470000000000001,train,freesolv
492,492,507,0.18181818181818182,<freesolv>|CC(=C)C(=C)C,<freesolv>|CC(=O)OCCOC(=O)C,0.4,-6.34,6.74,train,freesolv
493,493,506,0.2962962962962963,<freesolv>|CCOCCO,<freesolv>|CCCCCCO,-6.69,-4.4,-2.29,train,freesolv
494,494,512,0.25,<freesolv>|c1ccc2c(c1)C(=O)c3c(ccc(c3C2=O)N)N,<freesolv>|Cc1cccc(c1C)Nc2ccccc2C(=O)O,-11.85,-6.78,-5.069999999999999,train,freesolv
495,495,508,0.15217391304347827,<freesolv>|CCOP(=S)(OCC)SCSCC,<freesolv>|CCC[C@H](CC)O,-4.37,-4.06,-0.3100000000000005,train,freesolv
496,496,506,0.5185185185185185,<freesolv>|CCCCCCCI,<freesolv>|CCCCCCO,0.27,-4.4,4.67,train,freesolv
497,497,505,0.4375,<freesolv>|Cc1cc(ccc1Cl)O,<freesolv>|Cc1ccccc1Cl,-6.79,-1.14,-5.65,train,freesolv
498,498,512,0.2727272727272727,<freesolv>|Cc1ccc2cc(ccc2c1)C,<freesolv>|Cc1cccc(c1C)Nc2ccccc2C(=O)O,-2.63,-6.78,4.15,train,freesolv
499,499,504,0.3125,<freesolv>|CC(C)CC(=O)O,<freesolv>|CC(C)COC(=O)C(C)C,-6.09,-1.69,-4.4,train,freesolv
500,500,508,0.25,<freesolv>|CCCC(C)(C)O,<freesolv>|CCC[C@H](CC)O,-3.92,-4.06,0.13999999999999968,train,freesolv
501,501,503,0.23636363636363636,<freesolv>|c1cc2c(cc1Cl)Oc3ccc(cc3O2)Cl,<freesolv>|c1cc(cc(c1)Cl)N,-3.67,-5.82,2.1500000000000004,train,freesolv
502,502,505,0.1891891891891892,<freesolv>|Cc1cc(cnc1)C,<freesolv>|Cc1ccccc1Cl,-4.84,-1.14,-3.7,train,freesolv
503,503,505,0.3333333333333333,<freesolv>|c1cc(cc(c1)Cl)N,<freesolv>|Cc1ccccc1Cl,-5.82,-1.14,-4.680000000000001,train,freesolv
504,504,507,0.21428571428571427,<freesolv>|CC(C)COC(=O)C(C)C,<freesolv>|CC(=O)OCCOC(=O)C,-1.69,-6.34,4.65,train,freesolv
505,505,512,0.2857142857142857,<freesolv>|Cc1ccccc1Cl,<freesolv>|Cc1cccc(c1C)Nc2ccccc2C(=O)O,-1.14,-6.78,5.640000000000001,train,freesolv
506,506,513,0.3333333333333333,<freesolv>|CCCCCCO,<freesolv>|CCCCN,-4.4,-4.24,-0.16000000000000014,train,freesolv
507,507,511,0.14705882352941177,<freesolv>|CC(=O)OCCOC(=O)C,<freesolv>|COCCN,-6.34,-6.55,0.20999999999999996,train,freesolv
508,508,513,0.24,<freesolv>|CCC[C@H](CC)O,<freesolv>|CCCCN,-4.06,-4.24,0.1800000000000006,train,freesolv
509,509,511,0.11428571428571428,<freesolv>|COC(CC#N)(OC)OC,<freesolv>|COCCN,-6.4,-6.55,0.14999999999999947,train,freesolv
510,510,513,0.047619047619047616,<freesolv>|CSSC,<freesolv>|CCCCN,-1.83,-4.24,2.41,train,freesolv
511,511,513,0.3,<freesolv>|COCCN,<freesolv>|CCCCN,-6.55,-4.24,-2.3099999999999996,train,freesolv
512,512,513,0.016129032258064516,<freesolv>|Cc1cccc(c1C)Nc2ccccc2C(=O)O,<freesolv>|CCCCN,-6.78,-4.24,-2.54,train,freesolv
0,0,37,0.42105263157894735,<freesolv>|c1ccc(c(c1)O)I,<freesolv>|c1ccc2c(c1)cccc2O,-6.2,-7.67,1.4699999999999998,test,freesolv
1,1,24,0.24390243902439024,<freesolv>|CC(=CCC[C@](C)(C=C)OC(=O)C)C,<freesolv>|CC(=O)C(C)(C)C,-2.49,-3.11,0.6199999999999997,test,freesolv
2,2,47,0.6363636363636364,<freesolv>|Cc1cccc(c1)[N+](=O)[O-],<freesolv>|c1cc(cc(c1)O)[N+](=O)[O-],-3.45,-9.62,6.169999999999999,test,freesolv
3,3,12,0.09090909090909091,<freesolv>|C=C,<freesolv>|CCC=C,1.28,1.38,-0.09999999999999987,test,freesolv
4,4,17,0.24324324324324326,<freesolv>|Cc1cc(cc(c1)C)C,<freesolv>|Cc1cccc(c1)O,-0.9,-5.49,4.59,test,freesolv
5,5,56,0.8421052631578947,<freesolv>|CCCCCCI,<freesolv>|CCCCCI,0.08,-0.14,0.22000000000000003,test,freesolv
6,6,37,0.3225806451612903,<freesolv>|C[C@@H](c1ccc(c(c1)F)c2ccccc2)C(=O)O,<freesolv>|c1ccc2c(c1)cccc2O,-8.42,-7.67,-0.75,test,freesolv
7,7,32,0.5161290322580645,<freesolv>|c1cc(ccc1O)F,<freesolv>|c1cc(ccc1C#N)O,-6.19,-10.17,3.9799999999999995,test,freesolv
8,8,49,0.4067796610169492,<freesolv>|C=C(c1ccccc1)c2ccccc2,<freesolv>|c1ccc2cc3ccccc3cc2c1,-2.78,-3.95,1.1700000000000004,test,freesolv
9,9,54,0.20689655172413793,<freesolv>|CC1=CCCCC1,<freesolv>|C1CCOC1,0.67,-3.47,4.140000000000001,test,freesolv
10,10,45,0.46153846153846156,<freesolv>|CCCCC,<freesolv>|CCCCNCCCC,2.3,-3.24,5.54,test,freesolv
11,11,34,0.25,<freesolv>|C(CBr)Cl,<freesolv>|C(F)Cl,-1.95,-0.77,-1.18,test,freesolv
12,12,19,0.2,<freesolv>|CCC=C,<freesolv>|CCC#C,1.38,-0.16,1.5399999999999998,test,freesolv
13,13,50,0.23076923076923078,<freesolv>|CC(F)F,<freesolv>|CC(C)Cl,-0.11,-0.25,0.14,test,freesolv
14,14,59,0.3235294117647059,<freesolv>|c1ccc2c(c1)Oc3cc(c(cc3O2)Cl)Cl,<freesolv>|c1cc(c(c(c1)Cl)c2c(cccc2Cl)Cl)Cl,-3.56,-2.28,-1.2800000000000002,test,freesolv
15,15,43,0.275,<freesolv>|CC(C)Cc1cnccn1,<freesolv>|CCc1ccccn1,-5.04,-4.33,-0.71,test,freesolv
16,16,28,0.3387096774193548,<freesolv>|CCOP(=O)(OCC)OCC,<freesolv>|CCOP(=O)(OCC)O/C(=C/Cl)/c1ccc(cc1Cl)Cl,-7.5,-7.07,-0.4299999999999997,test,freesolv
17,17,47,0.48484848484848486,<freesolv>|Cc1cccc(c1)O,<freesolv>|c1cc(cc(c1)O)[N+](=O)[O-],-5.49,-9.62,4.129999999999999,test,freesolv
18,18,59,0.373134328358209,<freesolv>|c1cc(c(cc1c2c(c(cc(c2Cl)Cl)Cl)Cl)Cl)Cl,<freesolv>|c1cc(c(c(c1)Cl)c2c(cccc2Cl)Cl)Cl,-4.38,-2.28,-2.1,test,freesolv
19,19,23,0.15789473684210525,<freesolv>|CCC#C,<freesolv>|CCCCI,-0.16,-0.25,0.09,test,freesolv
20,20,40,0.5384615384615384,<freesolv>|CC(C)(C)Br,<freesolv>|CC(C)(C)Cl,0.84,1.09,-0.2500000000000001,test,freesolv
21,21,50,0.35714285714285715,<freesolv>|CC(C)CBr,<freesolv>|CC(C)Cl,-0.03,-0.25,0.22,test,freesolv
22,22,61,0.3409090909090909,<freesolv>|CN(C)C(=O)Nc1ccccc1,<freesolv>|CCCc1ccccc1,-9.13,-0.53,-8.600000000000001,test,freesolv
23,23,56,0.7058823529411765,<freesolv>|CCCCI,<freesolv>|CCCCCI,-0.25,-0.14,-0.10999999999999999,test,freesolv
24,24,40,0.3888888888888889,<freesolv>|CC(=O)C(C)(C)C,<freesolv>|CC(C)(C)Cl,-3.11,1.09,-4.2,test,freesolv
25,25,54,0.23076923076923078,<freesolv>|C1CCC(C1)O,<freesolv>|C1CCOC1,-5.49,-3.47,-2.02,test,freesolv
26,26,54,0.375,<freesolv>|C1COCCN1,<freesolv>|C1CCOC1,-7.17,-3.47,-3.6999999999999997,test,freesolv
27,27,57,0.208955223880597,<freesolv>|CCCC[N@](CC)c1c(cc(cc1[N+](=O)[O-])C(F)(F)F)[N+](=O)[O-],<freesolv>|CCCCC[N+](=O)[O-],-3.51,-2.82,-0.69,test,freesolv
28,28,46,0.2714285714285714,<freesolv>|CCOP(=O)(OCC)O/C(=C/Cl)/c1ccc(cc1Cl)Cl,<freesolv>|CCC(=O)Nc1ccc(c(c1)Cl)Cl,-7.07,-7.78,0.71,test,freesolv
29,29,62,0.8636363636363636,<freesolv>|CCCCCC=O,<freesolv>|CCCCCCC=O,-2.81,-2.67,-0.14000000000000012,test,freesolv
30,30,51,0.4482758620689655,<freesolv>|CC(C)OC(=O)C,<freesolv>|CC(OC(=O)C)OC(=O)C,-2.64,-4.97,2.3299999999999996,test,freesolv
31,31,44,0.2631578947368421,<freesolv>|COC(OC)OC,<freesolv>|COC,-4.42,-1.91,-2.51,test,freesolv
32,32,35,0.42105263157894735,<freesolv>|c1cc(ccc1C#N)O,<freesolv>|CC(C)(C)c1ccc(cc1)O,-10.17,-5.91,-4.26,test,freesolv
33,33,36,0.3076923076923077,<freesolv>|Cn1ccnc1,<freesolv>|Cn1cccc1,-8.41,-2.89,-5.52,test,freesolv
34,34,50,0.07692307692307693,<freesolv>|C(F)Cl,<freesolv>|CC(C)Cl,-0.77,-0.25,-0.52,test,freesolv
35,35,48,0.28,<freesolv>|CC(C)(C)c1ccc(cc1)O,<freesolv>|CN(C)C(=O)c1ccc(cc1)OC,-5.91,-11.01,5.1,test,freesolv
36,36,43,0.21212121212121213,<freesolv>|Cn1cccc1,<freesolv>|CCc1ccccn1,-2.89,-4.33,1.44,test,freesolv
37,37,49,0.4230769230769231,<freesolv>|c1ccc2c(c1)cccc2O,<freesolv>|c1ccc2cc3ccccc3cc2c1,-7.67,-3.95,-3.7199999999999998,test,freesolv
38,38,62,0.4411764705882353,<freesolv>|CCCCCCCC(=O)C,<freesolv>|CCCCCCC=O,-2.49,-2.67,0.17999999999999972,test,freesolv
39,39,44,0.125,<freesolv>|CO,<freesolv>|COC,-5.1,-1.91,-3.1899999999999995,test,freesolv
40,40,50,0.2857142857142857,<freesolv>|CC(C)(C)Cl,<freesolv>|CC(C)Cl,1.09,-0.25,1.34,test,freesolv
41,41,60,0.1,<freesolv>|C(=C/Cl)\Cl,<freesolv>|C(C(Cl)Cl)(Cl)Cl,-0.78,-2.37,1.59,test,freesolv
42,42,47,0.6363636363636364,<freesolv>|c1cc(cc(c1)[N+](=O)[O-])N,<freesolv>|c1cc(cc(c1)O)[N+](=O)[O-],-8.84,-9.62,0.7799999999999994,test,freesolv
43,43,61,0.32432432432432434,<freesolv>|CCc1ccccn1,<freesolv>|CCCc1ccccc1,-4.33,-0.53,-3.8,test,freesolv
44,44,50,0.16666666666666666,<freesolv>|COC,<freesolv>|CC(C)Cl,-1.91,-0.25,-1.66,test,freesolv
45,45,62,0.34285714285714286,<freesolv>|CCCCNCCCC,<freesolv>|CCCCCCC=O,-3.24,-2.67,-0.5700000000000003,test,freesolv
46,46,52,0.26666666666666666,<freesolv>|CCC(=O)Nc1ccc(c(c1)Cl)Cl,<freesolv>|c1cc(cc(c1)Cl)Cl,-7.78,-0.98,-6.800000000000001,test,freesolv
47,47,52,0.2894736842105263,<freesolv>|c1cc(cc(c1)O)[N+](=O)[O-],<freesolv>|c1cc(cc(c1)Cl)Cl,-9.62,-0.98,-8.639999999999999,test,freesolv
48,48,49,0.16666666666666666,<freesolv>|CN(C)C(=O)c1ccc(cc1)OC,<freesolv>|c1ccc2cc3ccccc3cc2c1,-11.01,-3.95,-7.06,test,freesolv
49,49,61,0.23636363636363636,<freesolv>|c1ccc2cc3ccccc3cc2c1,<freesolv>|CCCc1ccccc1,-3.95,-0.53,-3.42,test,freesolv
50,50,51,0.17857142857142858,<freesolv>|CC(C)Cl,<freesolv>|CC(OC(=O)C)OC(=O)C,-0.25,-4.97,4.72,test,freesolv
51,51,53,0.15,<freesolv>|CC(OC(=O)C)OC(=O)C,<freesolv>|CCCC(=O)OCC,-4.97,-2.49,-2.4799999999999995,test,freesolv
52,52,59,0.2692307692307692,<freesolv>|c1cc(cc(c1)Cl)Cl,<freesolv>|c1cc(c(c(c1)Cl)c2c(cccc2Cl)Cl)Cl,-0.98,-2.28,1.2999999999999998,test,freesolv
53,53,57,0.2,<freesolv>|CCCC(=O)OCC,<freesolv>|CCCCC[N+](=O)[O-],-2.49,-2.82,0.3299999999999996,test,freesolv
54,54,63,0.0,<freesolv>|C1CCOC1,<freesolv>|C([C@H]([C@H]([C@@H]([C@@H](CO)O)O)O)O)O,-3.47,-23.62,20.150000000000002,test,freesolv
55,55,61,0.078125,<freesolv>|CCNc1nc(nc(n1)SC)NC(C)(C)C,<freesolv>|CCCc1ccccc1,-6.68,-0.53,-6.1499999999999995,test,freesolv
56,56,57,0.4230769230769231,<freesolv>|CCCCCI,<freesolv>|CCCCC[N+](=O)[O-],-0.14,-2.82,2.6799999999999997,test,freesolv
57,57,62,0.3870967741935484,<freesolv>|CCCCC[N+](=O)[O-],<freesolv>|CCCCCCC=O,-2.82,-2.67,-0.1499999999999999,test,freesolv
58,58,62,0.16666666666666666,<freesolv>|C/C=C/C=O,<freesolv>|CCCCCCC=O,-4.22,-2.67,-1.5499999999999998,test,freesolv
59,59,61,0.16666666666666666,<freesolv>|c1cc(c(c(c1)Cl)c2c(cccc2Cl)Cl)Cl,<freesolv>|CCCc1ccccc1,-2.28,-0.53,-1.7499999999999998,test,freesolv
60,60,63,0.04878048780487805,<freesolv>|C(C(Cl)Cl)(Cl)Cl,<freesolv>|C([C@H]([C@H]([C@@H]([C@@H](CO)O)O)O)O)O,-2.37,-23.62,21.25,test,freesolv
61,61,62,0.11627906976744186,<freesolv>|CCCc1ccccc1,<freesolv>|CCCCCCC=O,-0.53,-2.67,2.1399999999999997,test,freesolv
62,62,63,0.04,<freesolv>|CCCCCCC=O,<freesolv>|C([C@H]([C@H]([C@@H]([C@@H](CO)O)O)O)O)O,-2.67,-23.62,20.950000000000003,test,freesolv
0,0,48,0.4583333333333333,<freesolv>|CCOC(=O)C,<freesolv>|CC(C)COC(=O)C,-2.94,-2.36,-0.5800000000000001,valid,freesolv
1,1,55,0.45454545454545453,<freesolv>|CN(C)c1ccccc1,<freesolv>|COc1ccccc1,-3.45,-2.45,-1.0,valid,freesolv
2,2,50,0.32432432432432434,<freesolv>|c1ccc(c(c1)N)[N+](=O)[O-],<freesolv>|Cc1ccccc1O,-7.37,-5.9,-1.4699999999999998,valid,freesolv
3,3,61,0.34285714285714286,<freesolv>|CCc1ccc(cc1)C,<freesolv>|Cc1cccc(c1)C,-0.95,-0.83,-0.12,valid,freesolv
4,4,62,0.8421052631578947,<freesolv>|CCCCCCBr,<freesolv>|CCCCCBr,0.18,-0.1,0.28,valid,freesolv
5,5,12,0.4375,<freesolv>|c1cc(cnc1)C=O,<freesolv>|c1cc(cnc1)C#N,-7.1,-6.75,-0.34999999999999964,valid,freesolv
6,6,45,0.65,<freesolv>|CCCOC(=O)c1ccc(cc1)O,<freesolv>|COC(=O)c1ccc(cc1)O,-9.37,-9.51,0.14000000000000057,valid,freesolv
7,7,43,0.2608695652173913,<freesolv>|CCCOC=O,<freesolv>|CCCC=C,-2.48,1.68,-4.16,valid,freesolv
8,8,55,0.5806451612903226,<freesolv>|c1ccc(cc1)OC=O,<freesolv>|COc1ccccc1,-3.82,-2.45,-1.3699999999999997,valid,freesolv
9,9,32,0.375,<freesolv>|Cc1ccncc1C,<freesolv>|Cc1ccnc(c1)C,-5.22,-4.86,-0.35999999999999943,valid,freesolv
10,10,55,0.4375,<freesolv>|c1ccc(cc1)CO,<freesolv>|COc1ccccc1,-6.62,-2.45,-4.17,valid,freesolv
11,11,62,0.3235294117647059,<freesolv>|CCCCCC1CCCC1,<freesolv>|CCCCCBr,2.55,-0.1,2.65,valid,freesolv
12,12,28,0.30303030303030304,<freesolv>|c1cc(cnc1)C#N,<freesolv>|Cc1ccccn1,-6.75,-4.63,-2.12,valid,freesolv
13,13,25,0.5185185185185185,<freesolv>|CCCCCCN,<freesolv>|CCCCCCC=C,-3.95,1.92,-5.87,valid,freesolv
14,14,53,0.4230769230769231,<freesolv>|CC(C)CCC(C)(C)C,<freesolv>|CCCC(C)C,2.93,2.51,0.4200000000000004,valid,freesolv
15,15,23,0.5737704918032787,<freesolv>|c1cc(c(cc1Cl)c2cc(c(c(c2)Cl)Cl)Cl)Cl,<freesolv>|c1c(cc(c(c1Cl)Cl)Cl)c2cc(c(c(c2Cl)Cl)Cl)Cl,-3.61,-3.17,-0.43999999999999995,valid,freesolv
16,16,40,0.2,<freesolv>|CF,<freesolv>|CC,-0.22,1.83,-2.0500000000000003,valid,freesolv
17,17,53,0.2857142857142857,<freesolv>|CCOC(C)OCC,<freesolv>|CCCC(C)C,-3.28,2.51,-5.789999999999999,valid,freesolv
18,18,35,0.12121212121212122,<freesolv>|CN1CCN(CC1)C,<freesolv>|C1CCNC1,-7.58,-5.48,-2.0999999999999996,valid,freesolv
19,19,39,0.3076923076923077,<freesolv>|CC=C,<freesolv>|CC(C)C=C,1.32,1.83,-0.51,valid,freesolv
20,20,38,0.47058823529411764,<freesolv>|[C@@H](C(F)(F)F)(F)Br,<freesolv>|C(F)(F)(F)F,0.5,3.12,-2.62,valid,freesolv
21,21,61,0.4375,<freesolv>|Cc1ccc(c(c1)C)O,<freesolv>|Cc1cccc(c1)C,-6.01,-0.83,-5.18,valid,freesolv
22,22,34,0.20689655172413793,<freesolv>|CC1=CC(=O)CC(C1)(C)C,<freesolv>|CC1(Cc2cccc(c2O1)OC(=O)NC)C,-5.18,-9.61,4.43,valid,freesolv
23,23,54,0.6896551724137931,<freesolv>|c1c(cc(c(c1Cl)Cl)Cl)c2cc(c(c(c2Cl)Cl)Cl)Cl,<freesolv>|c1cc(c(cc1c2cc(c(c(c2Cl)Cl)Cl)Cl)Cl)Cl,-3.17,-3.04,-0.1299999999999999,valid,freesolv
24,24,40,0.2222222222222222,<freesolv>|CN(C)C,<freesolv>|CC,-3.2,1.83,-5.03,valid,freesolv
25,25,43,0.4583333333333333,<freesolv>|CCCCCCC=C,<freesolv>|CCCC=C,1.92,1.68,0.24,valid,freesolv
26,26,53,0.3333333333333333,<freesolv>|CC(C)CC(C)C,<freesolv>|CCCC(C)C,2.83,2.51,0.3200000000000003,valid,freesolv
27,27,45,0.23809523809523808,<freesolv>|c1cc(ccc1Br)Br,<freesolv>|COC(=O)c1ccc(cc1)O,-2.3,-9.51,7.21,valid,freesolv
28,28,32,0.4,<freesolv>|Cc1ccccn1,<freesolv>|Cc1ccnc(c1)C,-4.63,-4.86,0.23000000000000043,valid,freesolv
29,29,62,0.29411764705882354,<freesolv>|CCBr,<freesolv>|CCCCCBr,-0.74,-0.1,-0.64,valid,freesolv
30,30,40,0.125,<freesolv>|CC#N,<freesolv>|CC,-3.88,1.83,-5.71,valid,freesolv
31,31,54,0.11363636363636363,<freesolv>|C1[C@@H]2[C@H](COS(=O)O1)[C@@]3(C(=C([C@]2(C3(Cl)Cl)Cl)Cl)Cl)Cl,<freesolv>|c1cc(c(cc1c2cc(c(c(c2Cl)Cl)Cl)Cl)Cl)Cl,-4.23,-3.04,-1.1900000000000004,valid,freesolv
32,32,61,0.41935483870967744,<freesolv>|Cc1ccnc(c1)C,<freesolv>|Cc1cccc(c1)C,-4.86,-0.83,-4.03,valid,freesolv
33,33,43,0.29411764705882354,<freesolv>|CCCI,<freesolv>|CCCC=C,-0.53,1.68,-2.21,valid,freesolv
34,34,49,0.2236842105263158,<freesolv>|CC1(Cc2cccc(c2O1)OC(=O)NC)C,<freesolv>|CCc1cccc(c1N(COC)C(=O)CCl)CC,-9.61,-8.21,-1.3999999999999986,valid,freesolv
35,35,42,0.21428571428571427,<freesolv>|C1CCNC1,<freesolv>|C1CC[S+2](C1)([O-])[O-],-5.48,-8.61,3.129999999999999,valid,freesolv
36,36,50,0.32432432432432434,<freesolv>|c1ccc2c(c1)CCC2,<freesolv>|Cc1ccccc1O,-1.46,-5.9,4.44,valid,freesolv
37,37,63,0.3333333333333333,<freesolv>|c1ccc(cc1)c2ccccc2,<freesolv>|c1ccc2cc(ccc2c1)N,-2.7,-7.47,4.77,valid,freesolv
38,38,59,0.24324324324324326,<freesolv>|C(F)(F)(F)F,<freesolv>|c1ccc(c(c1)C(F)(F)F)C(F)(F)F,3.12,1.07,2.05,valid,freesolv
39,39,53,0.23809523809523808,<freesolv>|CC(C)C=C,<freesolv>|CCCC(C)C,1.83,2.51,-0.6799999999999997,valid,freesolv
40,40,44,0.16666666666666666,<freesolv>|CC,<freesolv>|CC=C(C)C,1.83,1.31,0.52,valid,freesolv
41,41,57,0.23255813953488372,<freesolv>|CCCN(CCC)C(=O)SCCC,<freesolv>|CCN(CC)CC,-4.13,-3.22,-0.9099999999999997,valid,freesolv
42,42,56,0.02564102564102564,<freesolv>|C1CC[S+2](C1)([O-])[O-],<freesolv>|C1C=CC=CC=C1,-8.61,-0.99,-7.619999999999999,valid,freesolv
43,43,60,0.23809523809523808,<freesolv>|CCCC=C,<freesolv>|CCSCC,1.68,-1.46,3.1399999999999997,valid,freesolv
44,44,48,0.19230769230769232,<freesolv>|CC=C(C)C,<freesolv>|CC(C)COC(=O)C,1.31,-2.36,3.67,valid,freesolv
45,45,50,0.2682926829268293,<freesolv>|COC(=O)c1ccc(cc1)O,<freesolv>|Cc1ccccc1O,-9.51,-5.9,-3.6099999999999994,valid,freesolv
46,46,53,0.15,<freesolv>|CC(Cl)Cl,<freesolv>|CCCC(C)C,-0.84,2.51,-3.3499999999999996,valid,freesolv
47,47,62,0.4230769230769231,<freesolv>|CCCCCC(=O)N,<freesolv>|CCCCCBr,-9.31,-0.1,-9.21,valid,freesolv
48,48,53,0.2962962962962963,<freesolv>|CC(C)COC(=O)C,<freesolv>|CCCC(C)C,-2.36,2.51,-4.869999999999999,valid,freesolv
49,49,61,0.18333333333333332,<freesolv>|CCc1cccc(c1N(COC)C(=O)CCl)CC,<freesolv>|Cc1cccc(c1)C,-8.21,-0.83,-7.380000000000001,valid,freesolv
50,50,55,0.36363636363636365,<freesolv>|Cc1ccccc1O,<freesolv>|COc1ccccc1,-5.9,-2.45,-3.45,valid,freesolv
51,51,54,0.1016949152542373,<freesolv>|C(C(Cl)(Cl)Cl)(Cl)(Cl)Cl,<freesolv>|c1cc(c(cc1c2cc(c(c(c2Cl)Cl)Cl)Cl)Cl)Cl,-0.64,-3.04,2.4,valid,freesolv
52,52,58,0.4117647058823529,<freesolv>|c1c(cc(cc1Cl)Cl)Cl,<freesolv>|c1cc(c(cc1Cl)Cl)Cl,-0.78,-1.12,0.3400000000000001,valid,freesolv
53,53,57,0.2222222222222222,<freesolv>|CCCC(C)C,<freesolv>|CCN(CC)CC,2.51,-3.22,5.73,valid,freesolv
54,54,58,0.38461538461538464,<freesolv>|c1cc(c(cc1c2cc(c(c(c2Cl)Cl)Cl)Cl)Cl)Cl,<freesolv>|c1cc(c(cc1Cl)Cl)Cl,-3.04,-1.12,-1.92,valid,freesolv
55,55,63,0.30952380952380953,<freesolv>|COc1ccccc1,<freesolv>|c1ccc2cc(ccc2c1)N,-2.45,-7.47,5.02,valid,freesolv
56,56,63,0.1276595744680851,<freesolv>|C1C=CC=CC=C1,<freesolv>|c1ccc2cc(ccc2c1)N,-0.99,-7.47,6.4799999999999995,valid,freesolv
57,57,60,0.24,<freesolv>|CCN(CC)CC,<freesolv>|CCSCC,-3.22,-1.46,-1.7600000000000002,valid,freesolv
58,58,61,0.21052631578947367,<freesolv>|c1cc(c(cc1Cl)Cl)Cl,<freesolv>|Cc1cccc(c1)C,-1.12,-0.83,-0.29000000000000015,valid,freesolv
59,59,63,0.21428571428571427,<freesolv>|c1ccc(c(c1)C(F)(F)F)C(F)(F)F,<freesolv>|c1ccc2cc(ccc2c1)N,1.07,-7.47,8.54,valid,freesolv
60,60,62,0.16,<freesolv>|CCSCC,<freesolv>|CCCCCBr,-1.46,-0.1,-1.3599999999999999,valid,freesolv
61,61,63,0.2558139534883721,<freesolv>|Cc1cccc(c1)C,<freesolv>|c1ccc2cc(ccc2c1)N,-0.83,-7.47,6.64,valid,freesolv
62,62,63,0.0,<freesolv>|CCCCCBr,<freesolv>|c1ccc2cc(ccc2c1)N,-0.1,-7.47,7.37,valid,freesolv
