,smiles,prop,SET,data
0,<delaney>|CC(C)(C)CCO,-0.5,train,delaney
1,<delaney>|CN(C)C(=O)NC1CCCCCCC1,-2.218,train,delaney
2,<delaney>|Cc1cncc(C)c1,0.38,train,delaney
3,<delaney>|Oc1ccc(c(O)c1)c3oc2cc(O)cc(O)c2c(=O)c3O,-3.083,train,delaney
4,<delaney>|CNc1ccccc1,-1.28,train,delaney
5,<delaney>|c1cC2C(=O)NC(=O)C2cc1,-2.932,train,delaney
6,<delaney>|Fc1ccc(F)cc1,-1.97,train,delaney
7,<delaney>|CC(C)(C)c1ccc(O)cc1,-2.41,train,delaney
8,<delaney>|Oc1ccc(Cl)c(Cl)c1Cl,-2.67,train,delaney
9,<delaney>|CCC(C)n1c(=O)[nH]c(C)c(Br)c1=O,-2.523,train,delaney
10,<delaney>|OC(C(=O)c1ccccc1)c2ccccc2,-2.85,train,delaney
11,<delaney>|O=C1NC(=O)NC(=O)C1(C(C)C)CC=C,-1.7080000000000002,train,delaney
12,<delaney>|CC(C)COC(=O)C,-1.21,train,delaney
13,<delaney>|COC(=O)c1ccccc1OC2OC(COC3OCC(O)C(O)C3O)C(O)C(O)C2O,-0.742,train,delaney
14,<delaney>|Clc1cc(Cl)c(c(Cl)c1)c2c(Cl)cccc2Cl,-7.32,train,delaney
15,<delaney>|Oc1cc(Cl)ccc1Oc2ccc(Cl)cc2Cl,-4.46,train,delaney
16,<delaney>|CCCCCC(=O)OC,-1.87,train,delaney
17,<delaney>|Oc1ccc(C=O)cc1,-0.96,train,delaney
18,<delaney>|OC1C=CC2C1C3(Cl)C(=C(Cl)C2(Cl)C3(Cl)Cl)Cl,-5.46,train,delaney
19,<delaney>|O=C1N(COC(=O)CCCCCC)C(=O)C(N1)(c2ccccc2)c3ccccc3,-6.301,train,delaney
20,<delaney>|c1nccc(C(=O)NN)c1,0.009,train,delaney
21,<delaney>|C1OC(O)C(O)C(O)C1O,0.39,train,delaney
22,<delaney>|Clc1cc(Cl)c(Cl)c(Cl)c1,-4.63,train,delaney
23,<delaney>|C1SC(=S)NC1(=O),-1.77,train,delaney
24,<delaney>|CC1CCCCC1,-3.85,train,delaney
25,<delaney>|CCC1(CC)C(=O)NC(=O)N(C)C1=O,-2.23,train,delaney
26,<delaney>|CNC(=O)Oc1cccc(N=CN(C)C)c1,-2.34,train,delaney
27,<delaney>|Oc1ccc(Cl)cc1Cl,-1.55,train,delaney
28,<delaney>|Oc1cc(Cl)cc(Cl)c1Cl,-2.67,train,delaney
29,<delaney>|CCBr,-1.09,train,delaney
30,<delaney>|ClC(Cl)(Cl)C(NC=O)N1C=CN(C=C1)C(NC=O)C(Cl)(Cl)Cl,-4.19,train,delaney
31,<delaney>|Clc1cccc2ccccc12,-3.93,train,delaney
32,<delaney>|Clc1c(Cl)c(Cl)c(N(=O)=O)c(Cl)c1Cl,-5.82,train,delaney
33,<delaney>|Clc1ccc(Cl)c(c1)c2ccc(Cl)c(Cl)c2,-7.25,train,delaney
34,<delaney>|OCC1OC(O)C(O)C(O)C1O,0.74,train,delaney
35,<delaney>|Clc2ccc1oc(=O)[nH]c1c2,-2.8310000000000004,train,delaney
36,<delaney>|CC(=O)OCC(COC(=O)C)OC(=O)C,-0.6,train,delaney
37,<delaney>|CC1OC(CC(O)C1O)OC2C(O)CC(OC2C)OC8C(O)CC(OC7CCC3(C)C(CCC4C3CCC5(C)C(CCC45O)C6=CC(=O)OC6)C7)OC8C,-5.292999999999999,train,delaney
38,<delaney>|CCN2c1ncccc1N(CC)C(=O)c3cccnc23,-2.86,train,delaney
39,<delaney>|CCc1ccccn1,0.51,train,delaney
40,<delaney>|CC,-1.36,train,delaney
41,<delaney>|CC(=O)CCC1C(=O)N(N(C1=O)c2ccccc2)c3ccccc3,-3.27,train,delaney
42,<delaney>|c1ccc2c(c1)ccc3ccccc32,-5.26,train,delaney
43,<delaney>|ClC=C(Cl)Cl,-1.96,train,delaney
44,<delaney>|CCCCCCCCCCO,-3.63,train,delaney
45,<delaney>|CC1CC2C3CCC4=CC(=O)C=CC4(C)C3(F)C(O)CC2(C)C1(O)C(=O)CO,-3.59,train,delaney
46,<delaney>|c1ccccc1n2ncc(N)c(Br)c2(=O),-3.127,train,delaney
47,<delaney>|CCOP(=S)(OCC)Oc1ccc(cc1)S(C)=O,-2.3,train,delaney
48,<delaney>|CCCCC(C)(C)O,-1.08,train,delaney
49,<delaney>|Cc2ncc1nccnc1n2,-0.12,train,delaney
50,<delaney>|CCCCCCC(=O)C,-2.05,train,delaney
51,<delaney>|CCOC(=O)c1ccccc1S(=O)(=O)NN(C=O)c2nc(Cl)cc(OC)n2,-4.5760000000000005,train,delaney
52,<delaney>|COC(=O)c1ccccc1,-1.85,train,delaney
53,<delaney>|CCNP(=S)(OC)OC(=CC(=O)OC(C)C)C,-3.408,train,delaney
54,<delaney>|c2ccc1[nH]ccc1c2,-1.52,train,delaney
55,<delaney>|Cn1cnc2n(C)c(=O)[nH]c(=O)c12,-2.523,train,delaney
56,<delaney>|CCC(C(CC)c1ccc(O)cc1)c2ccc(O)cc2,-4.43,train,delaney
57,<delaney>|CN1CC(O)N(C1=O)c2nnc(s2)C(C)(C)C,-1.877,train,delaney
58,<delaney>|CN(C(=O)COc1nc2ccccc2s1)c3ccccc3,-4.873,train,delaney
59,<delaney>|CC3C2CCC1(C)C=CC(=O)C(=C1C2OC3=O)C,-3.09,train,delaney
60,<delaney>|O=C2NC(=O)C1(CCCC1)C(=O)N2,-2.349,train,delaney
61,<delaney>|Fc1cccc(F)c1,-2.0,train,delaney
62,<delaney>|Nc1c(C)c[nH]c(=O)n1,-1.4580000000000002,train,delaney
63,<delaney>|CCSCC,-1.34,train,delaney
64,<delaney>|Clc1cc(Cl)c(c(Cl)c1)c2c(Cl)cc(Cl)cc2Cl,-8.71,train,delaney
65,<delaney>|O=C1N(COC(=O)CCC)C(=O)C(N1)(c2ccccc2)c3ccccc3,-5.071000000000001,train,delaney
66,<delaney>|CCCC(O)C=C,-0.59,train,delaney
67,<delaney>|COP(=O)(OC)OC(=CCl)c1cc(Cl)c(Cl)cc1Cl,-4.522,train,delaney
68,<delaney>|CCCCC(CC)CO,-2.11,train,delaney
69,<delaney>|CCN(CC)C(=S)SCC(Cl)=C,-3.39,train,delaney
70,<delaney>|CCCC(O)CCC,-1.4,train,delaney
71,<delaney>|c1ccccc1SC,-2.39,train,delaney
72,<delaney>|Brc1ccc(I)cc1,-4.56,train,delaney
73,<delaney>|CCCCCCO,-1.24,train,delaney
74,<delaney>|CCCC(C)C1(CC=C)C(=O)NC(=S)NC1=O,-3.46,train,delaney
75,<delaney>|OC4=C(C1CCC(CC1)c2ccc(Cl)cc2)C(=O)c3ccccc3C4=O,-5.931,train,delaney
76,<delaney>|Clc1ccc(Cl)c(Cl)c1,-3.59,train,delaney
77,<delaney>|CN(C)C(=O)NC1CC2CC1C3CCCC23,-3.1710000000000003,train,delaney
78,<delaney>|O=C1N(COC(=O)C)C(=O)C(N1)(c2ccccc2)c3ccccc3,-4.47,train,delaney
79,<delaney>|OC(c1ccc(Cl)cc1)(c2cncnc2)c3ccccc3Cl,-4.38,train,delaney
80,<delaney>|CC(C)C(=O)C,-0.12,train,delaney
81,<delaney>|CC(=O)Nc1nnc(s1)S(N)(=O)=O,-2.36,train,delaney
82,<delaney>|Oc1ccc(cc1)N(=O)=O,-0.74,train,delaney
83,<delaney>|CCCCOC,-0.99,train,delaney
84,<delaney>|O=c1[nH]cnc2[nH]ncc12,-2.266,train,delaney
85,<delaney>|CCC(=O)CC,-0.28,train,delaney
86,<delaney>|C1CCCC1,-2.64,train,delaney
87,<delaney>|CCNc1nc(NC(C)C)nc(OC)n1,-2.084,train,delaney
88,<delaney>|CCCC(C)(C)CO,-1.52,train,delaney
89,<delaney>|CCC1(C(C)C)C(=O)NC(=O)NC1=O,-2.21,train,delaney
90,<delaney>|O(c1ccccc1)c2ccccc2,-3.96,train,delaney
91,<delaney>|Cc1occc1C(=O)Nc2ccccc2,-3.3,train,delaney
92,<delaney>|CCc1ccccc1,-2.77,train,delaney
93,<delaney>|Oc1c(Cl)cc(Cl)cc1Cl,-2.34,train,delaney
94,<delaney>|C=CCS(=O)SCC=C,-0.83,train,delaney
95,<delaney>|CSc1nc(NC(C)C)nc(NC(C)C)n1,-4.1,train,delaney
96,<delaney>|c1cc(O)c(O)c2OCC3(O)CC4=CC(=O)C(O)=CC4=C3c21,-2.7,train,delaney
97,<delaney>|Cn1cnc2n(C)c(=O)n(C)c(=O)c12,-0.8759999999999999,train,delaney
98,<delaney>|CCSCc1ccccc1OC(=O)NC,-2.09,train,delaney
99,<delaney>|Clc1ccccc1C2=NCC(=O)Nc3ccc(cc23)N(=O)=O,-3.499,train,delaney
100,<delaney>|CN(C)C(=O)Nc1cccc(OC(=O)NC(C)(C)C)c1,-2.93,train,delaney
101,<delaney>|COc1cccc(Cl)c1,-2.78,train,delaney
102,<delaney>|Cc1ccccc1C,-2.8,train,delaney
103,<delaney>|C1CCCCC1,-3.1,train,delaney
104,<delaney>|CN2C(=O)CN=C(c1ccccc1)c3cc(Cl)ccc23,-3.754,train,delaney
105,<delaney>|Cc1ccnc(C)c1,0.38,train,delaney
106,<delaney>|Oc2ccc1CCCCc1c2,-1.99,train,delaney
107,<delaney>|Oc1c(I)cc(C#N)cc1I,-3.61,train,delaney
108,<delaney>|CCCCCCCCC=C,-5.51,train,delaney
109,<delaney>|CN(C)C(=O)Nc1cccc(c1)C(F)(F)F,-3.43,train,delaney
110,<delaney>|CCCC1C(=O)N3N(C1=O)c2cc(C)ccc2N=C3N(C)C,-3.5380000000000003,train,delaney
111,<delaney>|CC(=O)OC3(C)CCC4C2CCC1=CC(=O)CCC1(C)C2CCC34C,-5.284,train,delaney
112,<delaney>|CCOc1ccccc1,-2.33,train,delaney
113,<delaney>|CCN2c1cc(Cl)ccc1NC(=O)c3cccnc23,-5.36,train,delaney
114,<delaney>|Clc1ccc(c(Cl)c1)c2ccc(Cl)c(Cl)c2Cl,-7.8,train,delaney
115,<delaney>|CC(=O)C1CCC2C3CCC4=CC(=O)CCC4(C)C3CCC12C,-4.42,train,delaney
116,<delaney>|c1(Br)c(Br)cc(Br)cc1,-4.5,train,delaney
117,<delaney>|CCOP(=S)(OCC)Oc1cc(C)nc(n1)C(C)C,-3.64,train,delaney
118,<delaney>|CC(=O)Nc1ccc(Br)cc1,-3.083,train,delaney
119,<delaney>|CCOC=O,0.15,train,delaney
120,<delaney>|ClC(Cl)(Cl)N(=O)=O,-2.0,train,delaney
121,<delaney>|CCCCCC=C,-3.73,train,delaney
122,<delaney>|COC(=O)C1=C(C)NC(=C(C1c2ccccc2N(=O)=O)C(=O)OC)C,-4.76,train,delaney
123,<delaney>|CCC(C)(C)CO,-1.04,train,delaney
124,<delaney>|CCCCCCCCCCCCCCCC,-8.4,train,delaney
125,<delaney>|CCSSCC,-2.42,train,delaney
126,<delaney>|CC1=C(CCCO1)C(=O)Nc2ccccc2,-2.56,train,delaney
127,<delaney>|ClC(Cl)C(Cl)(Cl)SN2C(=O)C1CC=CCC1C2=O,-5.4,train,delaney
128,<delaney>|CCOP(=S)(OCC)SCSP(=S)(OCC)OCC,-5.54,train,delaney
129,<delaney>|CC(C)CC(C)C,-4.26,train,delaney
130,<delaney>|O=C1CCCN1,1.07,train,delaney
131,<delaney>|CCC(C)(C)C,-3.55,train,delaney
132,<delaney>|CCc1cccc(C)c1N(C(C)COC)C(=O)CCl,-2.73,train,delaney
133,<delaney>|CSCS(=O)CC(CO)NC(=O)C=Cc1c(C)[nH]c(=O)[nH]c1=O,-1.981,train,delaney
134,<delaney>|COP(=S)(OC)Oc1ccc(cc1Cl)N(=O)=O,-4.31,train,delaney
135,<delaney>|CC(C)OC(=O)C(O)(c1ccc(Br)cc1)c2ccc(Br)cc2,-4.93,train,delaney
136,<delaney>|Nc1cccc(c1)N(=O)=O,-2.19,train,delaney
137,<delaney>|Clc1ccc2ccccc2c1,-4.14,train,delaney
138,<delaney>|O=C2NC(=O)C1(CCCCCC1)C(=O)N2,-3.168,train,delaney
139,<delaney>|CCCc1ccccc1,-3.37,train,delaney
140,<delaney>|C=CCC=C,-2.09,train,delaney
141,<delaney>|CI,-1.0,train,delaney
142,<delaney>|Cc1ccccc1,-2.21,train,delaney
143,<delaney>|C/C=C/C=O,0.32,train,delaney
144,<delaney>|Clc1cc(Cl)c(cc1Cl)c2cccc(Cl)c2Cl,-7.21,train,delaney
145,<delaney>|O=C1CCCCC1,-0.6,train,delaney
146,<delaney>|CC#C,-0.41,train,delaney
147,<delaney>|CCCCBr,-2.37,train,delaney
148,<delaney>|CCOc2ccc1nc(sc1c2)S(N)(=O)=O,-3.81,train,delaney
149,<delaney>|Nc1ccc(O)cc1,-0.8,train,delaney
150,<delaney>|CCCCCCC#C,-3.66,train,delaney
151,<delaney>|CC1CC2C3CCC(O)(C(=O)C)C3(C)CC(O)C2(F)C4(C)C=CC(=O)C=C14,-4.099,train,delaney
152,<delaney>|CCSCCSP(=S)(OC)OC,-3.091,train,delaney
153,<delaney>|CC(C)c1ccccc1,-3.27,train,delaney
154,<delaney>|ClC1(C(=O)C2(Cl)C3(Cl)C14Cl)C5(Cl)C2(Cl)C3(Cl)C(Cl)(Cl)C45Cl,-5.259,train,delaney
155,<delaney>|CNC(=O)ON=C(CSC)C(C)(C)C,-1.62,train,delaney
156,<delaney>|O=C(Cn1ccnc1N(=O)=O)NCc2ccccc2,-2.81,train,delaney
157,<delaney>|CCCCOCCO,-0.42,train,delaney
158,<delaney>|CCCCCCCCCO,-3.01,train,delaney
159,<delaney>|Cc1c[nH]c2ccccc12,-2.42,train,delaney
160,<delaney>|NC(=O)c1cnccn1,-0.667,train,delaney
161,<delaney>|Oc1cccc(Cl)c1,-0.7,train,delaney
162,<delaney>|CCc1ccc2ccccc2c1,-4.29,train,delaney
163,<delaney>|O=C(c1ccccc1)c2ccccc2,-3.12,train,delaney
164,<delaney>|CC12CCC(O)CC1CCC3C2CCC4(C)C3CCC4=O,-4.402,train,delaney
165,<delaney>|c1ccc2c(c1)c3ccccc3c4ccccc24,-6.726,train,delaney
166,<delaney>|CN(C)C(=O)Oc1cc(C)nn1c2ccccc2,-2.09,train,delaney
167,<delaney>|Clc1cc(Cl)cc(Cl)c1,-4.48,train,delaney
168,<delaney>|Oc1ccc(Cl)c(Cl)c1,-1.25,train,delaney
169,<delaney>|Clc1cc(Cl)c(Cl)c(Cl)c1Cl,-5.65,train,delaney
170,<delaney>|OC(C1=CC2C5C(C1C2=C(c3ccccc3)c4ccccn4)C(=O)NC5=O)(c6ccccc6)c7ccccn7,-3.931,train,delaney
171,<delaney>|CCCC1COC(Cn2cncn2)(O1)c3ccc(Cl)cc3Cl,-3.4930000000000003,train,delaney
172,<delaney>|CCCCCCCI,-4.81,train,delaney
173,<delaney>|CCOC2Oc1ccc(OS(C)(=O)=O)cc1C2(C)C,-3.42,train,delaney
174,<delaney>|CC34CCC1C(CCC2CC(O)CCC12C)C3CCC4=O,-4.16,train,delaney
175,<delaney>|ClC(Cl)(Cl)C(Cl)(Cl)Cl,-3.67,train,delaney
176,<delaney>|CCNC(=S)NCC,-1.46,train,delaney
177,<delaney>|COc1ccccc1O,-1.96,train,delaney
178,<delaney>|CCOP(=S)(OCC)Oc1nc(Cl)c(Cl)cc1Cl,-5.67,train,delaney
179,<delaney>|CC34CCC1C(CCc2cc(O)ccc12)C3CC(O)C4O,-4.955,train,delaney
180,<delaney>|CC(C)N(=O)=O,-0.62,train,delaney
181,<delaney>|COC(=O)Nc1cccc(OC(=O)Nc2cccc(C)c2)c1,-4.805,train,delaney
182,<delaney>|CCNc1nc(Cl)nc(NCC)n1,-4.55,train,delaney
183,<delaney>|Cc1cccc2c1ccc3ccccc32,-5.85,train,delaney
184,<delaney>|CCCCCCC=C,-4.44,train,delaney
185,<delaney>|CC(C)=CCCC(C)=CC(=O),-2.06,train,delaney
186,<delaney>|CCCCCCCC(=O)C,-2.58,train,delaney
187,<delaney>|ClCC(C)C,-2.0,train,delaney
188,<delaney>|COCOC,0.48,train,delaney
189,<delaney>|CCC(=O)OC3CCC4C2CCC1=CC(=O)CCC1(C)C2CCC34C,-5.37,train,delaney
190,<delaney>|C1Cc2ccccc2C1,-3.04,train,delaney
191,<delaney>|CCC(Br)(CC)C(=O)NC(N)=O,-2.68,train,delaney
192,<delaney>|CC(C)N(C(C)C)C(=O)SCC(=CCl)Cl,-4.2860000000000005,train,delaney
193,<delaney>|CN(C)C(=S)SSC(=S)N(C)C,-3.9,train,delaney
194,<delaney>|Cc1c(C)c2c3ccccc3ccc2c4ccccc14,-7.01,train,delaney
195,<delaney>|Cc1cc(no1)C(=O)NNCc2ccccc2,-2.461,train,delaney
196,<delaney>|OCC3OC(OCC2OC(OC(C#N)c1ccccc1)C(O)C(O)C2O)C(O)C(O)C3O,-0.77,train,delaney
197,<delaney>|c1c(O)C2C(=O)C3cc(O)ccC3OC2cc1(OC),-2.943,train,delaney
198,<delaney>|CCCOC(=O)C,-0.72,train,delaney
199,<delaney>|O=c1cc[nH]c(=O)[nH]1,-1.4880000000000002,train,delaney
200,<delaney>|Oc2ncc1nccnc1n2,-1.947,train,delaney
201,<delaney>|Cc1ccc(cc1)c2ccccc2,-4.62,train,delaney
202,<delaney>|CCNc1nc(NC(C)C)nc(SC)n1,-3.04,train,delaney
203,<delaney>|c1c(OC)c(OC)C2C(=O)OCC2c1,-1.899,train,delaney
204,<delaney>|CCCI,-2.29,train,delaney
205,<delaney>|COC1=CC(=O)CC(C)C13Oc2c(Cl)c(OC)cc(OC)c2C3=O,-3.2460000000000004,train,delaney
206,<delaney>|CCCCC(C)O,-0.89,train,delaney
207,<delaney>|CON(C)C(=O)Nc1ccc(Cl)c(Cl)c1,-3.592,train,delaney
208,<delaney>|CCC2NC(=O)c1cc(c(Cl)cc1N2)S(N)(=O)=O,-3.29,train,delaney
209,<delaney>|CC(C)C(C)C,-3.65,train,delaney
210,<delaney>|C1C(O)CCC2(C)CC3CCC4(C)C5(C)CC6OCC(C)CC6OC5CC4C3C=C21,-7.32,train,delaney
211,<delaney>|COc1ncnc2nccnc12,-1.11,train,delaney
212,<delaney>|CC(C)C(=O)C(C)C,-1.3,train,delaney
213,<delaney>|OC1CCCCCC1,-0.88,train,delaney
214,<delaney>|CC(C)CC(C)O,-0.8,train,delaney
215,<delaney>|COc1ccc(cc1)C(O)(C2CC2)c3cncnc3,-2.596,train,delaney
216,<delaney>|CC1(C)C(C=C(Br)Br)C1C(=O)OC(C#N)c2cccc(Oc3ccccc3)c2,-8.402000000000001,train,delaney
217,<delaney>|OCC2OC(Oc1ccccc1CO)C(O)C(O)C2O,-0.85,train,delaney
218,<delaney>|c1(C(=O)OCCCCCC(C)(C))c(C(=O)OCCCCCC(C)(C))cccc1,-6.6370000000000005,train,delaney
219,<delaney>|Clc1ccc(c(Cl)c1)c2cc(Cl)c(Cl)c(Cl)c2Cl,-7.39,train,delaney
220,<delaney>|Cc1cccc(C)c1O,-1.29,train,delaney
221,<delaney>|COc1ccc(cc1)N(=O)=O,-2.41,train,delaney
222,<delaney>|CNC(=O)Oc1cccc2ccccc12,-3.224,train,delaney
223,<delaney>|O=C1NC(=O)NC(=O)C1(CC)CC=C,-1.614,train,delaney
224,<delaney>|Cc1c[nH]c(=O)[nH]c1=O,-1.506,train,delaney
225,<delaney>|CCCCCCCCCC(=O)OC,-4.69,train,delaney
226,<delaney>|Clc1ccc(Cl)c(c1)c2c(Cl)c(Cl)c(Cl)c(Cl)c2Cl,-8.94,train,delaney
227,<delaney>|CCCCCc1ccccc1,-4.64,train,delaney
228,<delaney>|CC(=O)Nc1ccccc1,-1.33,train,delaney
229,<delaney>|Nc1ncnc2n(ccc12)C3OC(CO)C(O)C3O,-1.95,train,delaney
230,<delaney>|CCc1ccccc1C,-3.21,train,delaney
231,<delaney>|CCCCCCCCBr,-5.06,train,delaney
232,<delaney>|Cc1cc(C)c2ccccc2c1,-4.29,train,delaney
233,<delaney>|Cc1cccc(O)c1,-0.68,train,delaney
234,<delaney>|Oc1ccccc1O,0.62,train,delaney
235,<delaney>|COC(=O)c1ccc(O)cc1,-1.827,train,delaney
236,<delaney>|CC(C)I,-2.09,train,delaney
237,<delaney>|CCCC=O,-0.01,train,delaney
238,<delaney>|Oc1c(Cl)cccc1Cl,-1.79,train,delaney
239,<delaney>|O=C1N(COC(=O)CC)C(=O)C(N1)(c2ccccc2)c3ccccc3,-4.907,train,delaney
240,<delaney>|Cn2c(=O)on(c1ccc(Cl)c(Cl)c1)c2=O,-2.82,train,delaney
241,<delaney>|c1ccc2c(c1)c3cccc4ccc5cccc2c5c43,-7.8,train,delaney
242,<delaney>|BrC(Cl)Cl,-1.54,train,delaney
243,<delaney>|Brc1cc(Br)c(Br)cc1Br,-6.98,train,delaney
244,<delaney>|Oc1cccc2ccccc12,-2.22,train,delaney
245,<delaney>|COC(=O)C=C,-0.22,train,delaney
246,<delaney>|CC(C)Nc1nc(Cl)nc(NC(C)C)n1,-4.43,train,delaney
247,<delaney>|CC12CCC(CC1)C(C)(C)O2,-1.64,train,delaney
248,<delaney>|ClC(Cl)CC(=O)NC2=C(Cl)C(=O)c1ccccc1C2=O,-5.03,train,delaney
249,<delaney>|CC12CCC3C(CCc4cc(O)ccc34)C2CCC1O,-5.03,train,delaney
250,<delaney>|Cc1cccc(C)n1,0.45,train,delaney
251,<delaney>|CC(C)Cc1ccccc1,-4.12,train,delaney
252,<delaney>|CC(C)C(C(=O)OC(C#N)c1cccc(Oc2ccccc2)c1)c3ccc(OC(F)F)cc3,-6.876,train,delaney
253,<delaney>|Clc1cccc(Cl)c1,-3.04,train,delaney
254,<delaney>|CCS,-0.6,train,delaney
255,<delaney>|CCC(C)c1cc(cc(N(=O)=O)c1O)N(=O)=O,-3.38,train,delaney
256,<delaney>|C=CC=C,-1.87,train,delaney
257,<delaney>|c1ccc2c(c1)c3cccc4c3c2cc5ccccc54,-8.23,train,delaney
258,<delaney>|CN(C)C=Nc1ccc(Cl)cc1C,-2.86,train,delaney
259,<delaney>|Nc1nc(O)nc2nc[nH]c12,-3.401,train,delaney
260,<delaney>|CC(C)CO,0.1,train,delaney
261,<delaney>|ClC(Cl)C(Cl)(Cl)Cl,-2.6,train,delaney
262,<delaney>|CCSC(=O)N(CC)C1CCCCC1,-3.4,train,delaney
263,<delaney>|CCCCCCCC#C,-4.24,train,delaney
264,<delaney>|CCCCCl,-2.03,train,delaney
265,<delaney>|CCCCC(C)(O)CC,-1.6,train,delaney
266,<delaney>|O=Cc2ccc1OCOc1c2,-1.63,train,delaney
267,<delaney>|O=N(=O)c1ccccc1N(=O)=O,-3.1,train,delaney
268,<delaney>|CCCCCC(C)(C)O,-1.72,train,delaney
269,<delaney>|Clc1ccc(cc1)c2cc(Cl)ccc2Cl,-6.25,train,delaney
270,<delaney>|CCCCC1C(=O)N(N(C1=O)c2ccccc2)c3ccccc3,-3.81,train,delaney
271,<delaney>|CCCCCC1CCCC1,-6.08,train,delaney
272,<delaney>|CNN,1.34,train,delaney
273,<delaney>|CCI,-1.6,train,delaney
274,<delaney>|CCOP(=S)(OCC)SCCSCC,-4.23,train,delaney
275,<delaney>|ClC1C=CC2C1C3(Cl)C(=C(Cl)C2(Cl)C3(Cl)Cl)Cl,-6.317,train,delaney
276,<delaney>|Nc1ccccc1Cl,-1.52,train,delaney
277,<delaney>|Oc1cc(Cl)c(Cl)cc1Cl,-2.21,train,delaney
278,<delaney>|COc1ccccc1OCC(O)COC(N)=O,-0.985,train,delaney
279,<delaney>|Oc1cccc(O)c1,0.81,train,delaney
280,<delaney>|O=C2CN(N=Cc1ccc(o1)N(=O)=O)C(=O)N2,-3.38,train,delaney
281,<delaney>|Cc1ccc2ccccc2c1,-3.77,train,delaney
282,<delaney>|Clc1ccccc1Br,-3.19,train,delaney
283,<delaney>|CCOC(=O)C,-0.04,train,delaney
284,<delaney>|Nc1ccc(cc1)S(=O)(=O)c2ccc(N)cc2,-3.094,train,delaney
285,<delaney>|CCOP(=S)(OCC)Oc2ccc1oc(=O)c(Cl)c(C)c1c2,-5.382000000000001,train,delaney
286,<delaney>|CCCCC(CC)C=O,-2.13,train,delaney
287,<delaney>|Oc1c(Cl)c(Cl)cc(Cl)c1Cl,-3.37,train,delaney
288,<delaney>|o1c2ccccc2c3ccccc13,-4.6,train,delaney
289,<delaney>|Clc1ccc(cc1)c2cccc(Cl)c2Cl,-6.29,train,delaney
290,<delaney>|CCC(C)Cl,-1.96,train,delaney
291,<delaney>|CCOC(=O)CC(SP(=S)(OC)OC)C(=O)OCC,-3.37,train,delaney
292,<delaney>|CC23Cc1cnoc1C=C2CCC4C3CCC5(C)C4CCC5(O)C#C,-5.507000000000001,train,delaney
293,<delaney>|Cc1cc2c3ccccc3ccc2c4ccccc14,-6.57,train,delaney
294,<delaney>|Clc1cccc(n1)C(Cl)(Cl)Cl,-3.76,train,delaney
295,<delaney>|NS(=O)(=O)c2cc1c(N=CNS1(=O)=O)cc2Cl,-3.05,train,delaney
296,<delaney>|CCC1(CCC(=O)NC1=O)c2ccccc2,-2.337,train,delaney
297,<delaney>|CCCCCO,-0.6,train,delaney
298,<delaney>|CN(C(=O)NC(C)(C)c1ccccc1)c2ccccc2,-3.35,train,delaney
299,<delaney>|CCc1cccc(CC)c1N(COC)C(=O)CCl,-3.26,train,delaney
300,<delaney>|CSc1nc(nc(n1)N(C)C)N(C)C,-2.676,train,delaney
301,<delaney>|Oc1ccncc1,1.02,train,delaney
302,<delaney>|CCC(=O)OC,-0.14,train,delaney
303,<delaney>|Oc1cccc(c1)N(=O)=O,-1.01,train,delaney
304,<delaney>|ClC(Br)Br,-1.9,train,delaney
305,<delaney>|CCCC(=C)C,-3.03,train,delaney
306,<delaney>|Cc1ccc2cc3ccccc3cc2c1,-6.96,train,delaney
307,<delaney>|CCc1cccc2ccccc12,-4.17,train,delaney
308,<delaney>|ClCCCl,-1.06,train,delaney
309,<delaney>|CCCOC(C)C,-1.34,train,delaney
310,<delaney>|CN(C)c1nc(nc(n1)N(C)C)N(C)C,-3.364,train,delaney
311,<delaney>|Fc1ccccc1,-1.8,train,delaney
312,<delaney>|CCC=C,-1.94,train,delaney
313,<delaney>|ClC2=C(Cl)C3(Cl)C1C=CCC1C2(Cl)C3(Cl)Cl,-5.64,train,delaney
314,<delaney>|CCCCC(=O)OC,-1.34,train,delaney
315,<delaney>|CCCC(O)CC,-0.8,train,delaney
316,<delaney>|CC(C)(C)Cc1ccccc1,-4.15,train,delaney
317,<delaney>|CCCCCCOC(=O)c1ccccc1C(=O)OCCCCCC,-6.144,train,delaney
318,<delaney>|ClCc1ccccc1,-2.39,train,delaney
319,<delaney>|OCC2OC(OC1(CO)OC(CO)C(O)C1O)C(O)C(O)C2O,0.79,train,delaney
320,<delaney>|CCCOCCC,-1.62,train,delaney
321,<delaney>|Cc1cc(ccc1NS(=O)(=O)C(F)(F)F)S(=O)(=O)c2ccccc2,-3.8,train,delaney
322,<delaney>|O=N(=O)c1ccccc1,-1.8,train,delaney
323,<delaney>|Clc1cccc(c1)c2cc(Cl)ccc2Cl,-6.01,train,delaney
324,<delaney>|NS(=O)(=O)c1cc(ccc1Cl)C2(O)NC(=O)c3ccccc23,-3.451,train,delaney
325,<delaney>|CC=C(C)C,-2.56,train,delaney
326,<delaney>|CCN(CC)C(=S)SSC(=S)N(CC)CC,-4.86,train,delaney
327,<delaney>|CC(C)CCCO,-1.14,train,delaney
328,<delaney>|Cc1ncc(N(=O)=O)n1CCO,-1.22,train,delaney
329,<delaney>|CCCC(=O)OC,-1.92,train,delaney
330,<delaney>|Fc1cccc(F)c1C(=O)NC(=O)Nc2cc(Cl)c(F)c(Cl)c2F,-7.28,train,delaney
331,<delaney>|Oc1cccc2ncccc12,-2.54,train,delaney
332,<delaney>|Cn2cc(c1ccccc1)c(=O)c(c2)c3cccc(c3)C(F)(F)F,-4.445,train,delaney
333,<delaney>|Clc1ccc(c(Cl)c1Cl)c2ccc(Cl)c(Cl)c2Cl,-8.01,train,delaney
334,<delaney>|ClC(Cl)C(Cl)Cl,-1.74,train,delaney
335,<delaney>|CC2(C)C1CCC(C)(C1)C2=O,-1.85,train,delaney
336,<delaney>|CC12CC(O)C3C(CCC4=CC(=O)CCC34C)C2CCC1C(=O)CO,-3.24,train,delaney
337,<delaney>|Nc1ccccc1O,-0.72,train,delaney
338,<delaney>|CC2=CC(=O)c1ccccc1C2=O,-3.03,train,delaney
339,<delaney>|O=C1NC(=O)c2ccccc12,-2.61,train,delaney
340,<delaney>|BrC(Br)Br,-1.91,train,delaney
341,<delaney>|COc1ccc(C=CC)cc1,-3.13,train,delaney
342,<delaney>|Cc1ccc(Cl)cc1,-3.08,train,delaney
343,<delaney>|Clc1ccc(cc1)N(=O)=O,-2.92,train,delaney
344,<delaney>|CCOP(=S)(OCC)SC(CCl)N1C(=O)c2ccccc2C1=O,-6.34,train,delaney
345,<delaney>|c1cncnc1,1.1,train,delaney
346,<delaney>|CCC#N,0.28,train,delaney
347,<delaney>|CCN(CC)C(=O)C(=CCOP(=O)(OC)OC)Cl,0.523,train,delaney
348,<delaney>|CCCCCCCCCCCC(=O)OC,-4.69,train,delaney
349,<delaney>|CCCCCC(=O)OCC,-2.35,train,delaney
350,<delaney>|CC(=O)OC3(CCC4C2CCC1=CC(=O)CCC1C2CCC34C)C#C,-4.8,train,delaney
351,<delaney>|CCC1(C(=O)NC(=O)NC1=O)C2=CCC3CCC2C3,-2.696,train,delaney
352,<delaney>|CCN2c1cc(OC)cc(C)c1NC(=O)c3cccnc23,-5.153,train,delaney
353,<delaney>|CCC(C)CO,-0.47,train,delaney
354,<delaney>|CCCCO,0.0,train,delaney
355,<delaney>|CCCOP(=S)(OCCC)SCC(=O)N1CCCCC1C,-4.15,train,delaney
356,<delaney>|CC(C)O,0.43,train,delaney
357,<delaney>|COC(C)(C)CCCC(C)CC=CC(C)=CC(=O)OC(C)C,-5.19,train,delaney
358,<delaney>|Brc1cccc(Br)c1,-3.54,train,delaney
359,<delaney>|CCN(=O)=O,-0.22,train,delaney
360,<delaney>|CCOC(=O)CC(=O)OCC,-0.82,train,delaney
361,<delaney>|O=c1[nH]cnc2nc[nH]c12,-2.296,train,delaney
362,<delaney>|CCC(C)CCO,-0.71,train,delaney
363,<delaney>|CN(=O)=O,0.26,train,delaney
364,<delaney>|CCN2c1nc(C)cc(C(F)(F)F)c1NC(=O)c3cccnc23,-4.207,train,delaney
365,<delaney>|Nc2nc1[nH]cnc1c(=O)[nH]2,-3.583,train,delaney
366,<delaney>|Oc1cc(Cl)c(Cl)c(Cl)c1Cl,-3.15,train,delaney
367,<delaney>|OCC1OC(CO)(OC2OC(COC3OC(CO)C(O)C(O)C3O)C(O)C(O)C2O)C(O)C1O,-0.41,train,delaney
368,<delaney>|CCOC(=O)c1ccccc1,-2.32,train,delaney
369,<delaney>|CN(C)C(=O)Nc2ccc(Oc1ccc(Cl)cc1)cc2,-4.89,train,delaney
370,<delaney>|CC1CCCO1,0.11,train,delaney
371,<delaney>|Fc1ccccc1Br,-2.7,train,delaney
372,<delaney>|Brc1ccccc1Br,-3.5,train,delaney
373,<delaney>|COP(=S)(OC)Oc1ccc(SC)c(C)c1,-4.57,train,delaney
374,<delaney>|O=C1NC(=O)NC(=O)C1(CC)C(C)CC,-2.39,train,delaney
375,<delaney>|C=CCCC=C,-2.68,train,delaney
376,<delaney>|FC(F)(Cl)C(F)(F)Cl,-2.74,train,delaney
377,<delaney>|CCOC(=O)CC,-0.66,train,delaney
378,<delaney>|CCCCOC(=O)c1ccc(N)cc1,-3.082,train,delaney
379,<delaney>|Brc1cc(Br)cc(Br)c1,-5.6,train,delaney
380,<delaney>|Clc1cc(Cl)c(cc1Cl)c2cc(Cl)c(Cl)cc2Cl,-8.56,train,delaney
381,<delaney>|COCC(=O)N(C(C)C(=O)OC)c1c(C)cccc1C,-1.601,train,delaney
382,<delaney>|O=C1N(COC(=O)CCCC)C(=O)C(N1)(c2ccccc2)c3ccccc3,-4.678,train,delaney
383,<delaney>|ClCCCCl,-1.62,train,delaney
384,<delaney>|NC(=O)NCc1ccccc1,-0.95,train,delaney
385,<delaney>|CNC(=O)Oc1cccc2CC(C)(C)Oc12,-2.8,train,delaney
386,<delaney>|CCCCCCCCCCCCO,-4.8,train,delaney
387,<delaney>|CCOC(=O)c1ccccc1C(=O)OCC,-2.35,train,delaney
388,<delaney>|CC(C)N(C(C)C)C(=O)SCC(Cl)=C(Cl)Cl,-4.88,train,delaney
389,<delaney>|CCC(O)(CC)CC,-0.85,train,delaney
390,<delaney>|CBr,-0.79,train,delaney
391,<delaney>|Oc1ccc(Cl)cc1Cc2cc(Cl)ccc2O,-3.953,train,delaney
392,<delaney>|Cc1ccc(C)cc1,-2.77,train,delaney
393,<delaney>|Cc2cnc1cncnc1n2,-0.8540000000000001,train,delaney
394,<delaney>|Oc1ccccc1Cl,-1.06,train,delaney
395,<delaney>|CC12CCC3C(CCC4=CC(=O)CCC34C)C2CCC1O,-4.02,train,delaney
396,<delaney>|OCC(O)C(O)C(O)C(O)CO,1.09,train,delaney
397,<delaney>|CC(O)c1ccccc1,-0.92,train,delaney
398,<delaney>|CCNc1nc(NC(C)(C)C)nc(SC)n1,-4.0,train,delaney
399,<delaney>|Clc1cccc(c1Cl)c2cccc(Cl)c2Cl,-7.28,train,delaney
400,<delaney>|c1ccc2cnccc2c1,-1.45,train,delaney
401,<delaney>|CCCC(=O)C,-0.19,train,delaney
402,<delaney>|CCOP(=S)(OCC)SCn1c(=O)oc2cc(Cl)ccc12,-5.233,train,delaney
403,<delaney>|CC(C)C(C)(C)C,-4.36,train,delaney
404,<delaney>|COP(=O)(OC)C(O)C(Cl)(Cl)Cl,-0.22,train,delaney
405,<delaney>|NC(=O)NC1NC(=O)NC1=O,-1.6,train,delaney
406,<delaney>|Clc1cccc(Cl)c1c2ccccc2,-5.21,train,delaney
407,<delaney>|CC(=O)Nc1ccc(cc1)N(=O)=O,-2.692,train,delaney
408,<delaney>|c1ccc2cc3cc4ccccc4cc3cc2c1,-8.6,train,delaney
409,<delaney>|Clc1cccc(Br)c1,-3.21,train,delaney
410,<delaney>|C1CCOCC1,-0.03,train,delaney
411,<delaney>|CCCSCCC,-2.58,train,delaney
412,<delaney>|Clc1c(Cl)c(Cl)c(c(Cl)c1Cl)c2c(Cl)c(Cl)c(Cl)c(Cl)c2Cl,-11.6,train,delaney
413,<delaney>|CCCCC(CC)COC(=O)c1ccccc1C(=O)OCC(CC)CCCC,-6.96,train,delaney
414,<delaney>|CCCCCC(C)C,-5.08,train,delaney
415,<delaney>|COc2cc1c(N)nc(nc1c(OC)c2OC)N3CCN(CC3)C(=O)OCC(C)(C)O,-3.638,train,delaney
416,<delaney>|Cc1ccc(cc1)N(=O)=O,-2.49,train,delaney
417,<delaney>|CCN(CC)c1c(cc(c(N)c1N(=O)=O)C(F)(F)F)N(=O)=O,-5.47,train,delaney
418,<delaney>|CCN(CC)C(=O)CSc1ccc(Cl)nn1,-1.716,train,delaney
419,<delaney>|Clc1ccc(cc1Cl)c2cc(Cl)c(Cl)c(Cl)c2Cl,-7.82,train,delaney
420,<delaney>|C1CCC=CCC1,-3.18,train,delaney
421,<delaney>|O=C1NC(=O)NC(=O)C1(CC)C(C)CCC,-2.39,train,delaney
422,<delaney>|OC(Cn1cncn1)(Cn2cncn2)c3ccc(F)cc3F,-1.8,train,delaney
423,<delaney>|CCN2c1ncccc1N(C)C(=O)c3cccnc23,-2.62,train,delaney
424,<delaney>|CCCCCCCCC,-5.88,train,delaney
425,<delaney>|CCC(C)C1(CC=C)C(=O)NC(=O)NC1=O,-2.016,train,delaney
426,<delaney>|CC/C=C\C,-2.54,train,delaney
427,<delaney>|Clc1ccc(CN(C2CCCC2)C(=O)Nc3ccccc3)cc1,-5.915,train,delaney
428,<delaney>|CC(C)c1ccc(C)cc1,-3.77,train,delaney
429,<delaney>|CC1CC(C)C(=O)C(C1)C(O)CC2CC(=O)NC(=O)C2,-1.13,train,delaney
430,<delaney>|CCOP(=S)(OCC)ON=C(C#N)c1ccccc1,-4.862,train,delaney
431,<delaney>|CCOP(=S)(OCC)SCSC(C)(C)C,-4.755,train,delaney
432,<delaney>|O=C1NCCN1c2ncc(s2)N(=O)=O,-3.22,train,delaney
433,<delaney>|CC(C)CCOC=O,-1.52,train,delaney
434,<delaney>|C=CC#N,0.15,train,delaney
435,<delaney>|CN(C)C(=O)Nc1ccc(Cl)cc1,-2.89,train,delaney
436,<delaney>|C,-0.9,train,delaney
437,<delaney>|COP(=S)(OC)Oc1ccc(Sc2ccc(OP(=S)(OC)OC)cc2)cc1,-6.237,train,delaney
438,<delaney>|CC1(C)C2CCC1(C)C(=O)C2,-1.96,train,delaney
439,<delaney>|CCCCCCCCOC(=O)c1ccccc1C(=O)OCCCCCCCC,-5.115,train,delaney
440,<delaney>|COc2ccc(Oc1ccc(NC(=O)N(C)C)cc1)cc2,-4.16,train,delaney
441,<delaney>|Oc1ccc(cc1)c2ccccc2,-3.48,train,delaney
442,<delaney>|Clc1ccc(cc1)c2ccc(Cl)cc2,-6.56,train,delaney
443,<delaney>|CC1(C)C(C=C(Cl)C(F)(F)F)C1C(=O)OC(C#N)c2cccc(Oc3ccccc3)c2,-8.176,train,delaney
444,<delaney>|CCN2c1cc(N(C)C)cc(C)c1NC(=O)c3cccnc23,-4.871,train,delaney
445,<delaney>|CCCCCCCBr,-4.43,train,delaney
446,<delaney>|c1ccc2c(c1)c3cccc4cccc2c34,-6.0,train,delaney
447,<delaney>|Cc1ccc(C)c2ccccc12,-4.14,train,delaney
448,<delaney>|O=C2NC(=O)C1(CCCCC1)C(=O)N2,-3.06,train,delaney
449,<delaney>|CCCCCCCCCCCCCCO,-5.84,train,delaney
450,<delaney>|CC1(OC(=O)N(C1=O)c2cc(Cl)cc(Cl)c2)C=C,-4.925,train,delaney
451,<delaney>|CCCCCCCCC(=O)OC,-3.38,train,delaney
452,<delaney>|Cc1ccc(N)cc1,-1.21,train,delaney
453,<delaney>|CC(OC(=O)Nc1cccc(Cl)c1)C#C,-2.617,train,delaney
454,<delaney>|COc2cnc1cncnc1n2,-0.91,train,delaney
455,<delaney>|CCCCC(=O)C,-0.8,train,delaney
456,<delaney>|CCCCc1ccccc1,-4.06,train,delaney
457,<delaney>|CCCCNC(=O)n1c(NC(=O)OC)nc2ccccc12,-4.883,train,delaney
458,<delaney>|c1ccccc1,-1.64,train,delaney
459,<delaney>|Cc1ccc(C)c(C)c1,-3.31,train,delaney
460,<delaney>|CCCCOC(=O)CCCCCCCCC(=O)OCCCC,-3.896,train,delaney
461,<delaney>|CC(=C)C(=C)C,-2.4,train,delaney
462,<delaney>|CC1(C)C2CCC1(C)C(O)C2,-2.32,train,delaney
463,<delaney>|O=C1NC(=O)NC(=O)C1(CC)CCC(C)C,-2.658,train,delaney
464,<delaney>|O=Cc1ccco1,-0.1,train,delaney
465,<delaney>|Cc3nnc4CN=C(c1ccccc1Cl)c2cc(Cl)ccc2n34,-4.09,train,delaney
466,<delaney>|CCCCCCC,-4.53,train,delaney
467,<delaney>|CC(=O)CC(c1ccc(Cl)cc1)c2c(O)c3ccccc3oc2=O,-5.839,train,delaney
468,<delaney>|ClC1(C2(Cl)C3(Cl)C4(Cl)C5(Cl)C1(Cl)C3(Cl)Cl)C5(Cl)C(Cl)(Cl)C24Cl,-6.8,train,delaney
469,<delaney>|OC3N=C(c1ccccc1Cl)c2cc(Cl)ccc2NC3=O,-3.604,train,delaney
470,<delaney>|ClC1CC2C(C1Cl)C3(Cl)C(=C(Cl)C2(Cl)C3(Cl)Cl)Cl,-6.86,train,delaney
471,<delaney>|CCOP(=S)(OCC)SCSCC,-4.11,train,delaney
472,<delaney>|Cc1cc(=O)n(c2ccccc2)n1C,0.715,train,delaney
473,<delaney>|CCCCC=O,-0.85,train,delaney
474,<delaney>|Nc1nccs1,-0.36,train,delaney
475,<delaney>|CC(C)(C)c1ccccc1,-3.66,train,delaney
476,<delaney>|O=N(=O)c1cccc2ccccc12,-3.54,train,delaney
477,<delaney>|CCC1(C(=O)NC(=O)NC1=O)c2ccccc2,-2.322,train,delaney
478,<delaney>|CCC1(C(=O)NC(=O)NC1=O)C2=CCCCC2,-2.17,train,delaney
479,<delaney>|CCC1(C(=O)NCNC1=O)c2ccccc2,-2.64,train,delaney
480,<delaney>|CCNc1nc(NC(C)(C)C)nc(OC)n1,-3.239,train,delaney
481,<delaney>|CC=CC=O,0.32,train,delaney
482,<delaney>|Cc1ccc(O)c(C)c1,-1.19,train,delaney
483,<delaney>|CCCC(C)(COC(N)=O)COC(N)=O,-1.807,train,delaney
484,<delaney>|Clc1ccc(c(Cl)c1)c2c(Cl)ccc(Cl)c2Cl,-7.43,train,delaney
485,<delaney>|CN(C=Nc1ccc(C)cc1C)C=Nc2ccc(C)cc2C,-5.47,train,delaney
486,<delaney>|Cc3ccnc4N(C1CC1)c2ncccc2C(=O)Nc34,-3.19,train,delaney
487,<delaney>|O=C1NC(=O)NC(=O)C1(C(C)C)CC=C(C)C,-2.593,train,delaney
488,<delaney>|CCCCCCCCCCCCCCCCCCCC,-8.172,train,delaney
489,<delaney>|O=C1NC(=O)NC(=O)C1(C(C)C)C(C)C,-2.766,train,delaney
490,<delaney>|CCCCCCCC(C)O,-2.74,train,delaney
491,<delaney>|Nc1ccc(cc1)N(=O)=O,-2.37,train,delaney
492,<delaney>|Cc1ccccc1Cl,-3.52,train,delaney
493,<delaney>|O=C1NC(=O)NC(=O)C1(C)CC,-1.228,train,delaney
494,<delaney>|CC1(O)CCC2C3CCC4=CC(=O)CCC4(C)C3CCC21C,-3.999,train,delaney
495,<delaney>|CC(C)C(C)C(C)C,-4.8,train,delaney
496,<delaney>|CC/C=C/C,-2.54,train,delaney
497,<delaney>|ClC(Cl)C(c1ccc(Cl)cc1)c2ccc(Cl)cc2,-7.2,train,delaney
498,<delaney>|CCCC(C)O,-0.29,train,delaney
499,<delaney>|Clc1ccc(cc1)c2c(Cl)cccc2Cl,-6.14,train,delaney
500,<delaney>|CCC(C)C(=O)OC2CC(C)C=C3C=CC(C)C(CCC1CC(O)CC(=O)O1)C23,-6.005,train,delaney
501,<delaney>|c1(O)c(C)ccc(C(C)C)c1,-2.08,train,delaney
502,<delaney>|CCC(C)C(=O)C,-0.67,train,delaney
503,<delaney>|CC34CCc1c(ccc2cc(O)ccc12)C3CCC4=O,-5.24,train,delaney
504,<delaney>|ClC1C(Cl)C(Cl)C(Cl)C(Cl)C1Cl,-4.64,train,delaney
505,<delaney>|C=CC=O,0.57,train,delaney
506,<delaney>|Cc1ccccc1N(=O)=O,-2.33,train,delaney
507,<delaney>|c1(C#N)c(Cl)c(C#N)c(Cl)c(Cl)c(Cl)1,-5.64,train,delaney
508,<delaney>|CCN(CC)C(=O)C(C)Oc1cccc2ccccc12,-3.57,train,delaney
509,<delaney>|CCCC(=O)CC,-0.83,train,delaney
510,<delaney>|CCCCCC(C)O,-1.55,train,delaney
511,<delaney>|CC(C)OC=O,-0.63,train,delaney
512,<delaney>|CC(=C)C1CC=C(C)C(=O)C1,-2.06,train,delaney
513,<delaney>|ClC(Cl)=C(c1ccc(Cl)cc1)c2ccc(Cl)cc2,-6.9,train,delaney
514,<delaney>|C/C1CCC(\C)CC1,-4.47,train,delaney
515,<delaney>|OCC(O)C2OC1OC(OC1C2O)C(Cl)(Cl)Cl,-1.84,train,delaney
516,<delaney>|CCCC/C=C/C,-3.82,train,delaney
517,<delaney>|c2(Cl)c(Cl)c(Cl)c1nccnc1c2(Cl),-5.43,train,delaney
518,<delaney>|CC(C)OC(C)C,-1.1,train,delaney
519,<delaney>|O=C1NC(=O)C(=O)C(=O)N1,-1.25,train,delaney
520,<delaney>|ClCCC#N,-0.29,train,delaney
521,<delaney>|CCCCCCBr,-3.81,train,delaney
522,<delaney>|C1N(C(=O)NCC(C)C)C(=O)NC1,-2.15,train,delaney
523,<delaney>|CCCCCCCCCCCCCCCCCCCCCCCCCC,-8.334,train,delaney
524,<delaney>|Cc1cc(=O)[nH]c(=S)[nH]1,-2.436,train,delaney
525,<delaney>|c2cnc1ncncc1n2,0.02,train,delaney
526,<delaney>|NS(=O)(=O)c2cc1c(NCNS1(=O)=O)cc2Cl,-2.63,train,delaney
527,<delaney>|CCCOC=O,-0.49,train,delaney
528,<delaney>|CCCCC(O)CC,-1.47,train,delaney
529,<delaney>|CC1=CC(=O)CC(C)(C)C1,-1.06,train,delaney
530,<delaney>|Nc1nc(=O)[nH]cc1F,-0.972,train,delaney
531,<delaney>|CCCCCCCCCCCCCCCO,-6.35,train,delaney
532,<delaney>|Nc1cccc(Cl)c1,-1.37,train,delaney
533,<delaney>|CCc1ccccc1CC,-3.28,train,delaney
534,<delaney>|CCC(O)CC,-0.24,train,delaney
535,<delaney>|COP(=S)(OC)Oc1cc(Cl)c(Cl)cc1Cl,-5.72,train,delaney
536,<delaney>|CON(C)C(=O)Nc1ccc(Cl)cc1,-2.57,train,delaney
537,<delaney>|CCCC=C(CC)C=O,-2.46,train,delaney
538,<delaney>|ClCC,-1.06,train,delaney
539,<delaney>|c1ccccc1NC(=O)c2c(O)cccc2,-3.59,train,delaney
540,<delaney>|COc1cc(cc(OC)c1O)C6C2C(COC2=O)C(OC4OC3COC(C)OC3C(O)C4O)c7cc5OCOc5cc67,-3.571,train,delaney
541,<delaney>|N(c1ccccc1)c2ccccc2,-3.504,train,delaney
542,<delaney>|O=C1NC(=O)NC(=O)C1(CC)CC=C(C)C,-2.253,train,delaney
543,<delaney>|CC(=O)C3(C)CCC4C2C=C(C)C1=CC(=O)CCC1(C)C2CCC34C,-5.27,train,delaney
544,<delaney>|c1ccc(cc1)c2ccc(cc2)c3ccccc3,-7.11,train,delaney
545,<delaney>|CCN2c1ncccc1N(C)C(=S)c3cccnc23,-4.634,train,delaney
546,<delaney>|NNc1ccccc1,0.07,train,delaney
547,<delaney>|CCCCCC#C,-3.01,train,delaney
548,<delaney>|BrC(Br)(Br)Br,-3.14,train,delaney
549,<delaney>|CCCN(=O)=O,-0.8,train,delaney
550,<delaney>|COc1ccccc1N(=O)=O,-1.96,train,delaney
551,<delaney>|Cc1ncnc2nccnc12,-0.466,train,delaney
552,<delaney>|Cc1ccc(O)cc1C,-1.38,train,delaney
553,<delaney>|OCC(O)COC(=O)c1ccccc1Nc2ccnc3cc(Cl)ccc23,-4.571000000000001,train,delaney
554,<delaney>|CC1(C)CON(Cc2ccccc2Cl)C1=O,-2.338,train,delaney
555,<delaney>|Sc2nc1ccccc1s2,-3.18,train,delaney
556,<delaney>|Nc3ccc2cc1ccccc1cc2c3,-5.17,train,delaney
557,<delaney>|CCC(C)(C)Cl,-2.51,train,delaney
558,<delaney>|C1CCOC1,0.49,train,delaney
559,<delaney>|CSC,-0.45,train,delaney
560,<delaney>|c1cc2ccc3ccc4ccc5cccc6c(c1)c2c3c4c56,-9.018,train,delaney
561,<delaney>|CC(C)C(Nc1ccc(cc1Cl)C(F)(F)F)C(=O)OC(C#N)c2cccc(Oc3ccccc3)c2,-8.003,train,delaney
562,<delaney>|CCOc1ccc(NC(N)=O)cc1,-2.17,train,delaney
563,<delaney>|ClC(=C(Cl)C(=C(Cl)Cl)Cl)Cl,-4.92,train,delaney
564,<delaney>|CCN2c1ccccc1N(C)C(=O)c3cccnc23,-3.324,train,delaney
565,<delaney>|Clc1ccc(c(Cl)c1)c2c(Cl)c(Cl)c(Cl)c(Cl)c2Cl,-7.92,train,delaney
566,<delaney>|Cc1ccc(OP(=O)(Oc2cccc(C)c2)Oc3ccccc3C)cc1,-6.01,train,delaney
567,<delaney>|Clc1ccc(cc1)C(c2ccc(Cl)cc2)C(Cl)(Cl)Cl,-7.15,train,delaney
568,<delaney>|Oc1ccc(Cl)cc1,-0.7,train,delaney
569,<delaney>|CN(C)C(=O)SCCCCOc1ccccc1,-3.927,train,delaney
570,<delaney>|CCNc1nc(Cl)nc(NC(C)(C)C#N)n1,-3.15,train,delaney
571,<delaney>|c2ccc1scnc1c2,-1.5,train,delaney
572,<delaney>|CCOC(=O)NCCOc2ccc(Oc1ccccc1)cc2,-4.7,train,delaney
573,<delaney>|CC1=CCC(CC1)C(C)=C,-4.26,train,delaney
574,<delaney>|CCCCCCCC(=O)OC,-3.17,train,delaney
575,<delaney>|ClCBr,-0.89,train,delaney
576,<delaney>|c2c(C)cc1nc(C)ccc1c2,-1.94,train,delaney
577,<delaney>|COP(=S)(OC)SCC(=O)N(C)C=O,-1.995,train,delaney
578,<delaney>|CC(=O)OCC(=O)C3(O)C(CC4C2CCC1=CC(=O)C=CC1(C)C2(F)C(O)CC34C)OC(C)=O,-4.13,train,delaney
579,<delaney>|N#Cc1ccccc1C#N,-2.38,train,delaney
580,<delaney>|CC(C)CC(C)(C)O,-0.92,train,delaney
581,<delaney>|COc1c(O)c(Cl)c(Cl)c(Cl)c1Cl,-4.02,train,delaney
582,<delaney>|Clc1ccccc1N(=O)=O,-2.55,train,delaney
583,<delaney>|COC(=O)C,0.46,train,delaney
584,<delaney>|Oc2cc(O)c1C(=O)CC(Oc1c2)c3ccc(O)c(O)c3,-3.62,train,delaney
585,<delaney>|C1CCC2CCCCC2C1,-5.19,train,delaney
586,<delaney>|Oc1ccc(Cl)cc1C(=O)Nc2ccc(cc2Cl)N(=O)=O,-4.7,train,delaney
587,<delaney>|C(Cc1ccccc1)c2ccccc2,-4.62,train,delaney
588,<delaney>|O=C1NC(=O)NC(=O)C1(CC=C)CC=C,-2.077,train,delaney
589,<delaney>|Cc1cccc(N)c1,-0.85,train,delaney
590,<delaney>|CCOC(=O)c1cncn1C(C)c2ccccc2,-4.735,train,delaney
591,<delaney>|CCCCOCN(C(=O)CCl)c1c(CC)cccc1CC,-4.19,train,delaney
592,<delaney>|CO,1.57,train,delaney
593,<delaney>|CCCCC(=O)CCCC,-2.58,train,delaney
594,<delaney>|Clc1cccc(c1Cl)c2c(Cl)c(Cl)cc(Cl)c2Cl,-8.6,train,delaney
595,<delaney>|CCCOC,-0.39,train,delaney
596,<delaney>|NC(=O)c1cccnc1,0.61,train,delaney
597,<delaney>|Cn1ccc(=O)[nH]c1=O,-0.807,train,delaney
598,<delaney>|O=C1c2ccccc2C(=O)c3ccccc13,-5.19,train,delaney
599,<delaney>|CCCOC(=O)CC,-0.82,train,delaney
600,<delaney>|C1CCCCCCC1,-4.15,train,delaney
601,<delaney>|ClC(Cl)(Cl)C#N,-2.168,train,delaney
602,<delaney>|O=C1NC(=O)NC(=O)C1(CC)c1ccccc1,-2.322,train,delaney
603,<delaney>|Nc2cnn(c1ccccc1)c(=O)c2Cl,-2.878,train,delaney
604,<delaney>|Cc1cccc(C)c1C,-3.2,train,delaney
605,<delaney>|Oc1cccc(Cl)c1Cl,-1.3,train,delaney
606,<delaney>|Cc1cccc2c1Cc3ccccc32,-5.22,train,delaney
607,<delaney>|c1(O)cc(O)ccc1CCCCCC,-2.59,train,delaney
608,<delaney>|Oc1c(Cl)c(Cl)c(Cl)c(Cl)c1Cl,-4.28,train,delaney
609,<delaney>|CC(=O)OCC(=O)C3(O)CCC4C2CCC1=CC(=O)C=CC1(C)C2C(O)CC34C,-4.37,train,delaney
610,<delaney>|CCNc1nc(Cl)nc(n1)N(CC)CC,-4.06,train,delaney
611,<delaney>|c1cc2cccc3c4cccc5cccc(c(c1)c23)c54,-8.804,train,delaney
612,<delaney>|OC1CCCCCCC1,-1.29,train,delaney
613,<delaney>|O=C1N(COC(=O)CCCCC)C(=O)C(N1)(c2ccccc2)c3ccccc3,-5.886,train,delaney
614,<delaney>|C2c1ccccc1N(CCF)C(=O)c3ccccc23,-4.799,train,delaney
615,<delaney>|CC4CC3C2CCC1=CC(=O)C=CC1(C)C2(F)C(O)CC3(C)C4(O)C(=O)COC(C)=O,-4.9,train,delaney
616,<delaney>|COC(=O)c1cccnc1,-0.46,train,delaney
617,<delaney>|CCCCCC=O,-1.3,train,delaney
618,<delaney>|CC(=O)OC3CCC4C2CCC1=CC(=O)CCC1(C)C2CCC34C,-5.184,train,delaney
619,<delaney>|CC(C)C(O)C(C)C,-1.22,train,delaney
620,<delaney>|c1ccncc1,0.76,train,delaney
621,<delaney>|CCCCCCCC,-5.24,train,delaney
622,<delaney>|CCN(CC)c1nc(Cl)nc(NC(C)C)n1,-3.785,train,delaney
623,<delaney>|COc1ccccc1Cl,-2.46,train,delaney
624,<delaney>|CC13CCC(=O)C=C1CCC4C2CCC(C(=O)CO)C2(CC(O)C34)C=O,-3.85,train,delaney
625,<delaney>|ClCC(Cl)(Cl)Cl,-2.18,train,delaney
626,<delaney>|CC34CCC1C(CCC2CC(=O)CCC12C)C3CCC4O,-4.743,train,delaney
627,<delaney>|COP(=S)(OC)Oc1cc(Cl)c(I)cc1Cl,-6.62,train,delaney
628,<delaney>|O=C1NC(=O)NC(=O)C1(CC=C)c1ccccc1,-2.369,train,delaney
629,<delaney>|OC(CC(c1ccccc1)c3c(O)c2ccccc2oc3=O)c4ccc(cc4)c5ccc(Br)cc5,-4.445,train,delaney
630,<delaney>|CCOP(=S)(OCC)Oc1nc(Cl)n(n1)C(C)C,-3.658,train,delaney
631,<delaney>|COc1ccccc1,-1.85,train,delaney
632,<delaney>|Nc1ccccc1,-0.41,train,delaney
633,<delaney>|Cl\C=C/Cl,-1.3,train,delaney
634,<delaney>|c1c(Cl)cccc1c2ccccc2,-4.88,train,delaney
635,<delaney>|c2ccc1NCCc1c2,-1.04,train,delaney
636,<delaney>|c1ccc(cc1)c2ccccc2,-4.345,train,delaney
637,<delaney>|CC1=C(SCCO1)C(=O)Nc2ccccc2,-3.14,train,delaney
638,<delaney>|CCCCCCCCCC(=O)OCC,-4.1,train,delaney
639,<delaney>|CCOC(=O)N(C)C(=O)CSP(=S)(OCC)OCC,-2.518,train,delaney
640,<delaney>|Clc1ccc(c(Cl)c1Cl)c2c(Cl)cc(Cl)c(Cl)c2Cl,-7.66,train,delaney
641,<delaney>|Oc1ccc(O)cc1,-0.17,train,delaney
642,<delaney>|CSSC,-1.44,train,delaney
643,<delaney>|CC1(C)C(C(=O)OC(C#N)c2cccc(Oc3ccccc3)c2)C1(C)C,-6.025,train,delaney
644,<delaney>|ClC1=C(Cl)C2(Cl)C3C4CC(C=C4)C3C1(Cl)C2(Cl)Cl,-6.307,train,delaney
645,<delaney>|Clc1cccc(I)c1,-3.55,train,delaney
646,<delaney>|CC(C)SC(C)C,-2.24,train,delaney
647,<delaney>|CSc1nnc(c(=O)n1N)C(C)(C)C,-2.253,train,delaney
648,<delaney>|C1CCC=CC1,-2.59,train,delaney
649,<delaney>|CC(=O)N,1.58,train,delaney
650,<delaney>|CCCCCCCCCCCCCC,-7.96,train,delaney
651,<delaney>|Oc1cc(Cl)cc(Cl)c1,-1.34,train,delaney
652,<delaney>|ClC4=C(Cl)C5(Cl)C3C1CC(C2OC12)C3C4(Cl)C5(Cl)Cl,-6.29,train,delaney
653,<delaney>|CCOC=C,-0.85,train,delaney
654,<delaney>|O=C1NC(=O)C(=O)N1,-0.4,train,delaney
655,<delaney>|O=N(=O)c1cc(cc(c1)N(=O)=O)N(=O)=O,-2.89,train,delaney
656,<delaney>|c1ccoc1,-0.82,train,delaney
657,<delaney>|Cc1cccc(c1)N(=O)=O,-2.44,train,delaney
658,<delaney>|CCCCCCCCCCCCCCCCCCO,-8.4,train,delaney
659,<delaney>|c1c(NC(=O)c2ccccc2(I))cccc1,-4.21,train,delaney
660,<delaney>|Cc1ccncc1C,0.36,train,delaney
661,<delaney>|CC34CCC1C(=CCc2cc(O)ccc12)C3CCC4=O,-5.282,train,delaney
662,<delaney>|CC(C)OP(=S)(OC(C)C)SCCNS(=O)(=O)c1ccccc1,-4.2,train,delaney
663,<delaney>|NC(=N)NS(=O)(=O)c1ccc(N)cc1,-1.99,train,delaney
664,<delaney>|Sc1ccccc1,-2.12,train,delaney
665,<delaney>|Cc1ccc2cc(C)ccc2c1,-4.89,train,delaney
666,<delaney>|c2ccc1ocnc1c2,-1.16,train,delaney
667,<delaney>|O=N(=O)c1cc(Cl)c(Cl)cc1,-3.2,train,delaney
668,<delaney>|CCCCCC(=O)C,-1.45,train,delaney
669,<delaney>|O=C2NC(=O)C1(CCCCCCC1)C(=O)N2,-2.982,train,delaney
670,<delaney>|CCc1ccc(CC)cc1,-3.75,train,delaney
671,<delaney>|CCCC=C,-2.68,train,delaney
672,<delaney>|O=c2c(C3CCCc4ccccc43)c(O)c1ccccc1o2,-2.84,train,delaney
673,<delaney>|CCN2c1nc(N(C)(CCO))ccc1NC(=O)c3cccnc23,-3.36,train,delaney
674,<delaney>|CCN(CC)c1ccccc1,-3.03,train,delaney
675,<delaney>|CC1CCCCC1NC(=O)Nc2ccccc2,-4.11,train,delaney
676,<delaney>|CCO,1.1,train,delaney
677,<delaney>|CCC(C)C(C)C,-4.28,train,delaney
678,<delaney>|c1c(Br)ccc2ccccc12,-4.4,train,delaney
679,<delaney>|C1c2ccccc2c3ccccc13,-5.0,train,delaney
680,<delaney>|CCCCCCCl,-3.12,train,delaney
681,<delaney>|CC(C)c1ccc(C)cc1O,-2.22,train,delaney
682,<delaney>|C/C1CCCCC1\C,-4.3,train,delaney
683,<delaney>|Fc1cccc(Br)c1,-2.67,train,delaney
684,<delaney>|CCN(CC(C)=C)c1c(cc(cc1N(=O)=O)C(F)(F)F)N(=O)=O,-6.124,train,delaney
685,<delaney>|CCCCN(CC)c1c(cc(cc1N(=O)=O)C(F)(F)F)N(=O)=O,-5.53,train,delaney
686,<delaney>|CNC(=O)Oc1cc(C)cc(C)c1,-2.5810000000000004,train,delaney
687,<delaney>|Clc1ccc(Cl)c(Cl)c1Cl,-4.57,train,delaney
688,<delaney>|CC(C)CCOC(=O)C,-1.92,train,delaney
689,<delaney>|COc2c1occc1c(OC)c3c(=O)cc(C)oc23,-3.0210000000000004,train,delaney
690,<delaney>|CN(C)C(=O)C(c1ccccc1)c2ccccc2,-2.98,train,delaney
691,<delaney>|ClC1=C(Cl)C(Cl)(C(=C1Cl)Cl)C2(Cl)C(=C(Cl)C(=C2Cl)Cl)Cl,-7.278,train,delaney
692,<delaney>|Cn1c(=O)n(C)c2nc[nH]c2c1=O,-1.39,train,delaney
693,<delaney>|CCCC1CCCC1,-4.74,train,delaney
694,<delaney>|CC(=O)Nc1ccc(Cl)cc1,-2.843,train,delaney
695,<delaney>|Clc1ccc(Cl)c(c1)c2cccc(Cl)c2Cl,-6.47,train,delaney
696,<delaney>|CC(=O)OCC(=O)C3(O)CCC4C2CCC1=CC(=O)CCC1(C)C2C(=O)CC34C,-4.21,train,delaney
697,<delaney>|C1C=CCC=C1,-2.06,train,delaney
698,<delaney>|O2c1ccccc1N(C)C(=O)c3cccnc23,-3.672,train,delaney
699,<delaney>|CN(C)C(=O)N(C)C,0.94,train,delaney
700,<delaney>|CCN2c1ccccc1N(C)C(=S)c3cccnc23,-4.706,train,delaney
701,<delaney>|CCC(=C)C,-2.73,train,delaney
702,<delaney>|CC45CCC2C(CCC3CC1SC1CC23C)C4CCC5O,-5.41,train,delaney
703,<delaney>|Cc1ccc(cc1N(=O)=O)N(=O)=O,-2.82,train,delaney
704,<delaney>|CCCCC#C,-2.36,train,delaney
705,<delaney>|Cc1ccc(O)cc1,-0.73,train,delaney
706,<delaney>|CC(Cl)Cl,-1.29,train,delaney
707,<delaney>|CCOP(=S)(OCC)SCSc1ccc(Cl)cc1,-5.736000000000001,train,delaney
708,<delaney>|CCN(CC)c1nc(Cl)nc(n1)N(CC)CC,-4.4110000000000005,train,delaney
709,<delaney>|CCCCS,-2.18,train,delaney
710,<delaney>|c1c(NC(=O)OC(C)C(=O)NCC)cccc1,-1.83,train,delaney
711,<delaney>|CC(C)Br,-1.59,train,delaney
712,<delaney>|CC(=O)Nc1ccc(F)cc1,-1.78,train,delaney
713,<delaney>|CCCCCOC(=O)CC,-1.28,train,delaney
714,<delaney>|CCCCCCCCCCCCCCCCO,-7.0,train,delaney
715,<delaney>|Nc3nc(N)c2nc(c1ccccc1)c(N)nc2n3,-2.404,train,delaney
716,<delaney>|CC1(C)C(C=C(Cl)Cl)C1C(=O)OCc2cccc(Oc3ccccc3)c2,-6.291,train,delaney
717,<delaney>|CC(C)CCC(C)(C)C,-5.05,train,delaney
718,<delaney>|CC12CC(O)C3C(CCC4=CC(=O)C=CC34C)C2CCC1(O)C(=O)CO,-3.18,train,delaney
719,<delaney>|OCC(NC(=O)C(Cl)Cl)C(O)c1ccc(cc1)N(=O)=O,-2.111,train,delaney
720,<delaney>|Sc1nccc(=O)[nH]1,-2.273,train,delaney
721,<delaney>|ClC(Cl)C(c1ccc(Cl)cc1)c2ccc(Cl)cc2,-7.2,train,delaney
722,<delaney>|Brc1cccc2ccccc12,-4.35,train,delaney
723,<delaney>|CC(C)CCO,-0.51,train,delaney
724,<delaney>|OCC(O)C(O)C(O)C(O)CO,0.06,train,delaney
725,<delaney>|CC2Cc1ccccc1N2NC(=O)c3ccc(Cl)c(c3)S(N)(=O)=O,-3.5860000000000003,train,delaney
726,<delaney>|CC(C)C1CCC(C)CC1O,-2.53,train,delaney
727,<delaney>|Clc1ccc(c(Cl)c1)c2cc(Cl)ccc2Cl,-6.57,train,delaney
728,<delaney>|c1(OC)ccc(CC=C)cc1,-2.92,train,delaney
729,<delaney>|CC(C)CC(C)(C)C,-4.74,train,delaney
730,<delaney>|ClC(Cl)(Cl)Cl,-2.31,train,delaney
731,<delaney>|CC(C)C=C,-2.73,train,delaney
732,<delaney>|CCOCCOCC,-0.77,train,delaney
733,<delaney>|CCCC(C)C,-3.74,train,delaney
734,<delaney>|CC(C)COC=O,-1.01,train,delaney
735,<delaney>|CCC(C)(C)CC,-4.23,train,delaney
736,<delaney>|CCCCCC,-3.84,train,delaney
737,<delaney>|CCCN(CCC)c1c(cc(cc1N(=O)=O)C(F)(F)F)N(=O)=O,-5.68,train,delaney
738,<delaney>|c1cc(C)cc2c1c3cc4cccc5CCc(c45)c3cc2,-7.92,train,delaney
739,<delaney>|Clc2c(Cl)c(Cl)c(c1ccccc1)c(Cl)c2Cl,-7.92,train,delaney
740,<delaney>|CC34CCC1C(CC=C2CC(O)CCC12C)C3CCC4=O,-4.12,train,delaney
741,<delaney>|CC34CC(O)C1(F)C(CCC2=CC(=O)CCC12C)C3CCC4(O)C(=O)CO,-3.43,train,delaney
742,<delaney>|Cc1ccccc1n3c(C)nc2ccccc2c3=O,-2.925,train,delaney
743,<delaney>|Oc1ccc(Br)cc1,-1.09,train,delaney
744,<delaney>|BrCCBr,-1.68,train,delaney
745,<delaney>|CC2Nc1cc(Cl)c(cc1C(=O)N2c3ccccc3C)S(N)(=O)=O,-3.78,train,delaney
746,<delaney>|CC12CC(=O)C3C(CCC4=CC(=O)CCC34C)C2CCC1(O)C(=O)CO,-3.11,train,delaney
747,<delaney>|Oc1c(Cl)ccc(Cl)c1Cl,-2.64,train,delaney
748,<delaney>|Nc1ccc(cc1)S(N)(=O)=O,-1.34,train,delaney
749,<delaney>|CCCCN(C)C(=O)Nc1ccc(Cl)c(Cl)c1,-4.77,train,delaney
750,<delaney>|CCC(=O)C,0.52,train,delaney
751,<delaney>|Brc1ccccc1,-2.55,train,delaney
752,<delaney>|CCCCCCC(C)O,-2.09,train,delaney
753,<delaney>|O2c1ccccc1N(CC)C(=O)c3ccccc23,-3.68,train,delaney
754,<delaney>|OC1C(O)C(O)C(O)C(O)C1O,0.35,train,delaney
755,<delaney>|Fc1c[nH]c(=O)[nH]c1=O,-1.077,train,delaney
756,<delaney>|CC34CC(O)C1(F)C(CCC2=CC(=O)C=CC12C)C3CC(O)C4(O)C(=O)CO,-3.68,train,delaney
757,<delaney>|CC(=O)OCC(=O)C3CCC4C2CCC1=CC(=O)CCC1(C)C2CCC34C,-4.63,train,delaney
758,<delaney>|COP(=S)(OC)Oc1ccc(N(=O)=O)c(C)c1,-4.04,train,delaney
759,<delaney>|CC(C)c1ccccc1C,-3.76,train,delaney
760,<delaney>|CCCCCC(O)CC,-1.98,train,delaney
761,<delaney>|Cc1cccc2ccccc12,-3.7,train,delaney
762,<delaney>|O=C(Nc1ccccc1)Nc2ccccc2,-3.15,train,delaney
763,<delaney>|CCCC(=O)CCC,-1.3,train,delaney
764,<delaney>|COC(C)(C)C,-0.24,train,delaney
765,<delaney>|CCCOC(=O)CCC,-1.75,train,delaney
766,<delaney>|CCCCC1(CC)C(=O)NC(=O)NC1=O,-1.661,train,delaney
767,<delaney>|CC(C)=CCC/C(C)=C\CO,-2.46,train,delaney
768,<delaney>|CCCOCC,-0.66,train,delaney
769,<delaney>|c1ccnnc1,1.1,train,delaney
770,<delaney>|O=C1NC(=O)C(N1)(c2ccccc2)c3ccccc3,-4.097,train,delaney
771,<delaney>|CCCC(C)(C)O,-0.49,train,delaney
772,<delaney>|CC(C)=CC3C(C(=O)OCc2cccc(Oc1ccccc1)c2)C3(C)C,-5.24,train,delaney
773,<delaney>|CCC(C)O,0.47,train,delaney
774,<delaney>|C1OC1c2ccccc2,-1.6,train,delaney
775,<delaney>|CCCOC(=O)c1ccc(N)cc1,-2.452,train,delaney
776,<delaney>|O2c1cc(C)ccc1N(C)C(=O)c3cc(N)cnc23,-3.043,train,delaney
777,<delaney>|O=N(=O)OCC(CON(=O)=O)ON(=O)=O,-2.22,train,delaney
778,<delaney>|NS(=O)(=O)c3cc2c(NC(Cc1ccccc1)NS2(=O)=O)cc3C(F)(F)F,-3.59,train,delaney
779,<delaney>|CCCCOc1ccc(C(=O)OCC)c(c1)N(CC)CC,-3.84,train,delaney
780,<delaney>|CCCCC,-3.18,train,delaney
781,<delaney>|COc1ccc(cc1)C(c2ccc(OC)cc2)C(Cl)(Cl)Cl,-6.89,train,delaney
782,<delaney>|CC5(C)OC4CC3C2CCC1=CC(=O)C=CC1(C)C2(F)C(O)CC3(C)C4(O5)C(=O)CO,-4.31,train,delaney
783,<delaney>|OCC1OC(C(O)C1O)n2cnc3c(O)ncnc23,-1.23,train,delaney
784,<delaney>|Oc1ccccn1,1.02,train,delaney
785,<delaney>|CNC(=O)Oc1ccc(N(C)C)c(C)c1,-2.36,train,delaney
786,<delaney>|ClCC#CCOC(=O)Nc1cccc(Cl)c1,-4.37,train,delaney
787,<delaney>|c2ccc1nc(ccc1c2)c4ccc3ccccc3n4,-5.4,train,delaney
788,<delaney>|CC34CCC1C(CCC2=CC(=O)CCC12O)C3CCC4(O)C#C,-4.57,train,delaney
789,<delaney>|Clc1ccc(Cl)c(c1)c2c(Cl)c(Cl)cc(Cl)c2Cl,-7.42,train,delaney
790,<delaney>|ClC(Cl)C(c1ccc(Cl)cc1)c2ccccc2Cl,-6.51,train,delaney
791,<delaney>|C1Cc2cccc3cccc1c23,-4.63,train,delaney
792,<delaney>|CC1(C)C(C=C(Cl)Cl)C1C(=O)OC(C#N)c2ccc(F)c(Oc3ccccc3)c2,-7.337000000000001,train,delaney
793,<delaney>|CCOP(=S)(OCC)N2C(=O)c1ccccc1C2=O,-3.35,train,delaney
794,<delaney>|CCCCCBr,-3.08,train,delaney
795,<delaney>|Cc1c2ccccc2c(C)c3ccccc13,-6.57,train,delaney
796,<delaney>|N(Nc1ccccc1)c2ccccc2,-2.92,train,delaney
797,<delaney>|NC(=O)c1ccccc1,-0.96,train,delaney
798,<delaney>|Oc1ccc(cc1)C2(OC(=O)c3ccccc23)c4ccc(O)cc4,-2.9,train,delaney
799,<delaney>|CC12CCC3C(CCc4cc(O)ccc34)C2CCC1=O,-3.955,train,delaney
800,<delaney>|Nc1cc(nc(N)n1=O)N2CCCCC2,-1.989,train,delaney
801,<delaney>|CN2C(=O)CN=C(c1ccccc1)c3cc(ccc23)N(=O)=O,-3.796,train,delaney
802,<delaney>|CCCCCCCCC(=O)C,-3.3,train,delaney
803,<delaney>|Cc1cccc2c(C)cccc12,-4.678999999999999,train,delaney
804,<delaney>|c1ccc(Cl)cc1C(c2ccc(Cl)cc2)(O)C(=O)OC(C)C,-4.53,train,delaney
805,<delaney>|c1ccc2cc3ccccc3cc2c1,-6.35,train,delaney
806,<delaney>|CNc2cnn(c1cccc(c1)C(F)(F)F)c(=O)c2Cl,-4.046,train,delaney
807,<delaney>|CCCCCCCO,-1.81,train,delaney
808,<delaney>|OC3N=C(c1ccccc1)c2cc(Cl)ccc2NC3=O,-3.952,train,delaney
809,<delaney>|CCOP(=O)(OCC)OCC,0.43,train,delaney
810,<delaney>|CON(C)C(=O)Nc1ccc(Br)c(Cl)c1,-3.924,train,delaney
811,<delaney>|CCc1ccc(C)cc1,-3.11,train,delaney
812,<delaney>|OC(c1ccc(Cl)cc1)(c2ccc(Cl)cc2)C(Cl)(Cl)Cl,-5.666,train,delaney
813,<delaney>|CCOP(=S)(NC(C)C)Oc1ccccc1C(=O)OC(C)C,-4.194,train,delaney
814,<delaney>|CCCCC1C(=O)N(N(C1=O)c2ccc(O)cc2)c3ccccc3,-3.73,train,delaney
815,<delaney>|Cc2c(N)c(=O)n(c1ccccc1)n2C,-0.624,train,delaney
816,<delaney>|Clc1ccccc1c2ccccc2Cl,-5.27,train,delaney
817,<delaney>|NC(=O)CCl,-0.02,train,delaney
818,<delaney>|Brc1ccc2ccccc2c1,-4.4,train,delaney
819,<delaney>|NC(=O)N,0.96,train,delaney
820,<delaney>|CC12CCC(CC1)C(C)(C)O2,-1.74,train,delaney
821,<delaney>|Clc1ccccc1I,-3.54,train,delaney
822,<delaney>|CC(=O)C(C)(C)C,-0.72,train,delaney
823,<delaney>|Clc1cccc(c1)N(=O)=O,-2.77,train,delaney
824,<delaney>|c2ccc1[nH]ncc1c2,-2.16,train,delaney
825,<delaney>|Cc1cc2ccccc2cc1C,-4.72,train,delaney
826,<delaney>|COc1ccc(Cl)cc1,-2.78,train,delaney
827,<delaney>|Cc1ccccc1O,-0.62,train,delaney
828,<delaney>|Nc2cccc3nc1ccccc1cc23,-4.22,train,delaney
829,<delaney>|ClC(=C)Cl,-1.64,train,delaney
830,<delaney>|c1ccccc1O,0.0,train,delaney
831,<delaney>|COC(=O)c1ccccc1C(=O)OC,-1.66,train,delaney
832,<delaney>|CCOC(=O)c1ccc(O)cc1,-2.35,train,delaney
833,<delaney>|COC=O,0.58,train,delaney
834,<delaney>|CCC(C)(C)O,0.15,train,delaney
835,<delaney>|ClC(=C(Cl)Cl)Cl,-2.54,train,delaney
836,<delaney>|CCC=O,0.58,train,delaney
837,<delaney>|CCOC(=O)c1ccc(N)cc1,-2.616,train,delaney
838,<delaney>|Clc1ccc(I)cc1,-4.03,train,delaney
839,<delaney>|CN(C)C(=O)Oc1nc(nc(C)c1C)N(C)C,-1.95,train,delaney
840,<delaney>|CC(=O)c1ccccc1,-1.28,train,delaney
841,<delaney>|CS(=O)(=O)c1ccc(cc1)C(O)C(CO)NC(=O)C(Cl)Cl,-2.154,train,delaney
842,<delaney>|c3ccc2c(O)c1ccccc1cc2c3,-4.73,train,delaney
843,<delaney>|CC(=O)OCC(=O)C1(O)CCC2C3CCC4=CC(=O)CCC4(C)C3C(O)CC21C,-4.88,train,delaney
844,<delaney>|COC(=O)c1cc(O)c(O)c(O)c1,-1.24,train,delaney
845,<delaney>|Cc1ccc2c(ccc3ccccc32)c1,-5.84,train,delaney
846,<delaney>|O=C1N(COC(=O)CCCCCCC)C(=O)C(N1)(c2ccccc2)c3ccccc3,-6.523,train,delaney
847,<delaney>|CCC#CCC,-1.99,train,delaney
848,<delaney>|CC(C)N(C(=O)CCl)c1ccccc1,-2.48,train,delaney
849,<delaney>|O=C1CNC(=O)N1,-0.4,train,delaney
850,<delaney>|C1c2ccccc2c3cc4ccccc4cc13,-8.04,train,delaney
851,<delaney>|Oc1cccc2cccnc12,-2.42,train,delaney
852,<delaney>|CCOP(=S)(OCC)Oc1ccc(cc1)N(=O)=O,-4.66,train,delaney
853,<delaney>|Clc1cc(Cl)c(Cl)c(c1Cl)c2c(Cl)c(Cl)cc(Cl)c2Cl,-9.15,train,delaney
854,<delaney>|CC(C)CBr,-2.43,train,delaney
855,<delaney>|CC12CC2(C)C(=O)N(C1=O)c3cc(Cl)cc(Cl)c3,-4.8,train,delaney
856,<delaney>|c1ccsc1,-1.33,train,delaney
857,<delaney>|c1ccc2c(c1)ccc3c2ccc4c5ccccc5ccc43,-7.87,train,delaney
858,<delaney>|CC1CC2C3CC(F)C4=CC(=O)C=CC4(C)C3(F)C(O)CC2(C)C1(O)C(=O)CO,-5.613,train,delaney
859,<delaney>|CCN2c1nc(Cl)ccc1N(C)C(=O)c3cccnc23,-4.114,train,delaney
860,<delaney>|c1ccccc1C(O)C(O)c2ccccc2,-1.93,train,delaney
861,<delaney>|c1cnc2c(c1)ccc3ncccc23,-2.68,train,delaney
862,<delaney>|C#C,0.29,train,delaney
863,<delaney>|Brc1ccc(Br)cc1,-4.07,train,delaney
864,<delaney>|Cc1ccc(cc1)S(=O)(=O)N,-1.74,train,delaney
865,<delaney>|O=c2[nH]c(=O)c1[nH]c(=O)[nH]c1[nH]2,-3.93,train,delaney
866,<delaney>|COc2ncc1nccnc1n2,-1.11,train,delaney
867,<delaney>|COP(=S)(OC)SCC(=O)N(C(C)C)c1ccc(Cl)cc1,-4.432,train,delaney
868,<delaney>|CC(C)CC(=O)C,-0.74,train,delaney
869,<delaney>|CCCCCCc1ccccc1,-5.21,train,delaney
870,<delaney>|Cc1ccc(Br)cc1,-3.19,train,delaney
871,<delaney>|OC(Cn1cncn1)(c2ccc(F)cc2)c3ccccc3F,-3.37,train,delaney
872,<delaney>|CCOP(=S)(CC)Oc1cc(Cl)c(Cl)cc1Cl,-5.752000000000001,train,delaney
873,<delaney>|CCCCc1c(C)nc(NCC)[nH]c1=O,-3.028,train,delaney
874,<delaney>|Clc1ccccc1,-2.38,train,delaney
875,<delaney>|CNC(=O)C(C)SCCSP(=O)(OC)(OC),1.144,train,delaney
876,<delaney>|CNC(=O)Oc1ccccc1C2OCCO2,-1.57,train,delaney
877,<delaney>|Clc1ccc(Cl)cc1,-3.27,train,delaney
878,<delaney>|Clc1ccccc1c2ccccc2,-4.54,train,delaney
879,<delaney>|O=C1NC(=O)NC(=O)C1(C(C)CCC)CC=C,-2.356,train,delaney
880,<delaney>|Oc2ccc1ncccc1c2,-2.16,train,delaney
881,<delaney>|Cc1cccc(C)c1,-2.82,train,delaney
882,<delaney>|C=C,-0.4,train,delaney
883,<delaney>|CC(O)C(C)(C)C,-0.62,train,delaney
884,<delaney>|CNC(=O)ON=C(SC)C(=O)N(C)C,0.106,train,delaney
885,<delaney>|CC(=O)Nc1ccc(O)cc1,-1.03,train,delaney
886,<delaney>|ClCC#N,-0.092,train,delaney
887,<delaney>|CN(C)c2c(C)n(C)n(c1ccccc1)c2=O,-0.364,train,delaney
888,<delaney>|Cc1cc(C)cc(O)c1,-1.4,train,delaney
889,<delaney>|O=N(=O)c1c(Cl)c(Cl)ccc1,-3.48,train,delaney
890,<delaney>|O=N(=O)c1cccc(c1)N(=O)=O,-2.29,train,delaney
891,<delaney>|CCCCC(=O)OCC,-2.25,train,delaney
892,<delaney>|CCCN(CCC)c1c(cc(cc1N(=O)=O)S(N)(=O)=O)N(=O)=O,-5.16,train,delaney
893,<delaney>|CC12CCC(=O)C=C1CCC3C2CCC4(C)C3CCC4(O)C#C,-5.66,train,delaney
894,<delaney>|CCC(C)CC,-3.68,train,delaney
895,<delaney>|Clc2ccc(Oc1ccc(cc1)N(=O)=O)c(Cl)c2,-5.46,train,delaney
896,<delaney>|CCC(=C(CC)c1ccc(O)cc1)c2ccc(O)cc2,-4.07,train,delaney
897,<delaney>|CC(=O)C3CCC4C2CC=C1CC(O)CCC1(C)C2CCC34C,-4.65,train,delaney
898,<delaney>|CC(C)C,-2.55,train,delaney
899,<delaney>|ClCC(Cl)Cl,-1.48,train,delaney
900,<delaney>|c1ccccc1(OC(=O)NC),-1.803,train,delaney
901,<delaney>|c1ccc2ncccc2c1,-1.3,train,delaney
0,<delaney>|CCCCCCCCO,-2.39,test,delaney
1,<delaney>|Clc1cc(Cl)c(Cl)cc1Cl,-5.56,test,delaney
2,<delaney>|NS(=O)(=O)c2cc1c(NC(NS1(=O)=O)C(Cl)Cl)cc2Cl,-2.68,test,delaney
3,<delaney>|CCCCC=C,-3.23,test,delaney
4,<delaney>|CC(=O)N(S(=O)c1ccc(N)cc1)c2onc(C)c2C,-3.59,test,delaney
5,<delaney>|CC1CO1,-0.59,test,delaney
6,<delaney>|Cc1cc(C)c(C)c(C)c1C,-4.0,test,delaney
7,<delaney>|CC(=O)OC3(CCC4C2C=C(C)C1=CC(=O)CCC1(C)C2CCC34C)C(C)=O,-5.35,test,delaney
8,<delaney>|CCCCCOC(=O)C,-1.89,test,delaney
9,<delaney>|CC1OC(CC(O)C1O)OC2C(O)CC(OC2C)OC8C(O)CC(OC7CCC3(C)C(CCC4C3CC(O)C5(C)C(CCC45O)C6=CC(=O)OC6)C7)OC8C,-4.081,test,delaney
10,<delaney>|COc1nc(NC(C)C)nc(NC(C)C)n1,-2.478,test,delaney
11,<delaney>|CCCC,-2.57,test,delaney
12,<delaney>|Cc1c(F)c(F)c(COC(=O)C2C(C=C(Cl)C(F)(F)F)C2(C)C)c(F)c1F,-7.321000000000001,test,delaney
13,<delaney>|COc2cnc1ncncc1n2,-1.139,test,delaney
14,<delaney>|O=C1NC(=O)NC(=O)C1(CC)C(C)C,-2.148,test,delaney
15,<delaney>|CNC(=O)Oc1ccccc1C(C)C,-2.863,test,delaney
16,<delaney>|CCOC(=O)C=Cc1ccccc1,-3.0,test,delaney
17,<delaney>|COC(=O)Nc2nc1ccc(cc1[nH]2)C(=O)c3ccccc3,-3.88,test,delaney
18,<delaney>|CC=C(C(=CC)c1ccc(O)cc1)c2ccc(O)cc2,-4.95,test,delaney
19,<delaney>|CCSC(=O)N(CC(C)C)CC(C)C,-3.68,test,delaney
20,<delaney>|CCCC(C)(O)CC,-0.98,test,delaney
21,<delaney>|OCC1OC(O)(CO)C(O)C1O,0.64,test,delaney
22,<delaney>|CCC,-1.94,test,delaney
23,<delaney>|c1(C(C)(C)C)cc(C(C)(C)C)cc(OC(=O)NC)c1,-4.24,test,delaney
24,<delaney>|Cc1cc(C)c(O)c(C)c1,-2.05,test,delaney
25,<delaney>|CCCCC(C)CC,-5.16,test,delaney
26,<delaney>|CN(C)C(=O)Nc1ccc(c(Cl)c1)n2nc(oc2=O)C(C)(C)C,-4.328,test,delaney
27,<delaney>|O=C1N(C2CCC(=O)NC2=O)C(=O)c3ccccc13,-2.676,test,delaney
28,<delaney>|CN2C(=C(O)c1ccccc1S2(=O)=O)C(=O)Nc3ccccn3,-4.16,test,delaney
29,<delaney>|OCc1ccccc1,-0.4,test,delaney
30,<delaney>|CCC(O)C(C)C,-0.7,test,delaney
31,<delaney>|Ic1cccc2ccccc12,-4.55,test,delaney
32,<delaney>|Cc1cc(cc(N(=O)=O)c1O)N(=O)=O,-1.456,test,delaney
33,<delaney>|c1ccc2c(c1)ccc3c4ccccc4ccc23,-8.057,test,delaney
34,<delaney>|CCCCc1c(C)nc(nc1O)N(C)C,-2.24,test,delaney
35,<delaney>|CCCCSP(=O)(SCCCC)SCCCC,-5.14,test,delaney
36,<delaney>|c1ccc2c(c1)[nH]c3ccccc32,-5.27,test,delaney
37,<delaney>|Cc3cc2nc1c(=O)[nH]c(=O)nc1n(CC(O)C(O)C(O)CO)c2cc3C,-3.685,test,delaney
38,<delaney>|Cc1c(cccc1N(=O)=O)N(=O)=O,-3.0,test,delaney
39,<delaney>|CC(C)OC(=O)C,-0.55,test,delaney
40,<delaney>|C1(=O)NC(=O)NC(=O)C1(O)C2(O)C(=O)NC(=O)NC2(=O),-1.99,test,delaney
41,<delaney>|O=C3CN=C(c1ccccc1)c2cc(ccc2N3)N(=O)=O,-3.796,test,delaney
42,<delaney>|ClC=C,-1.75,test,delaney
43,<delaney>|ICI,-2.34,test,delaney
44,<delaney>|CC(=O)SC4CC1=CC(=O)CCC1(C)C5CCC2(C)C(CCC23CCC(=O)O3)C45,-4.173,test,delaney
45,<delaney>|CNC(=O)C=C(C)OP(=O)(OC)OC,0.6509999999999999,test,delaney
46,<delaney>|CCCC(C)CO,-1.11,test,delaney
47,<delaney>|O=N(=O)c1ccc(cc1)N(=O)=O,-3.39,test,delaney
48,<delaney>|Cc1c(C)c(C)c(C)c(C)c1C,-5.23,test,delaney
49,<delaney>|COP(=S)(OC)Oc1cc(Cl)c(Br)cc1Cl,-6.09,test,delaney
50,<delaney>|CCC(CC)CO,-1.17,test,delaney
51,<delaney>|C1=Cc2cccc3cccc1c23,-3.96,test,delaney
52,<delaney>|OC1CCCCC1,-0.44,test,delaney
53,<delaney>|CCCCCCCC=C,-5.05,test,delaney
54,<delaney>|FC(F)(F)C(Cl)Br,-1.71,test,delaney
55,<delaney>|CC=C,-1.08,test,delaney
56,<delaney>|OCC(O)C(O)CO,0.7,test,delaney
57,<delaney>|CCOC(=O)CCN(SN(C)C(=O)Oc1cccc2CC(C)(C)Oc21)C(C)C,-4.71,test,delaney
58,<delaney>|ON=Cc1ccc(o1)N(=O)=O,-2.19,test,delaney
59,<delaney>|CC(=O)Nc1cc(NS(=O)(=O)C(F)(F)F)c(C)cc1C,-3.24,test,delaney
60,<delaney>|Cc1cccnc1C,0.38,test,delaney
61,<delaney>|O2c1ccc(N)cc1N(C)C(=O)c3cc(C)ccc23,-3.928,test,delaney
62,<delaney>|CCOCC,-0.09,test,delaney
63,<delaney>|CC1=C(C(=O)Nc2ccccc2)S(=O)(=O)CCO1,-2.281,test,delaney
64,<delaney>|NC(=S)Nc1ccccc1,-1.77,test,delaney
65,<delaney>|O=C1CCC(=O)N1,0.3,test,delaney
66,<delaney>|Oc1ccc2ccccc2c1,-2.28,test,delaney
67,<delaney>|O=C1NC(=O)NC(=O)C1(C)C,-1.742,test,delaney
68,<delaney>|CCNc1nc(Cl)nc(NC(C)C)n1,-3.85,test,delaney
69,<delaney>|CC(C)(C)CO,-0.4,test,delaney
70,<delaney>|ClC(Cl)Cl,-1.17,test,delaney
71,<delaney>|CC(C)C1CCC(C)CC1=O,-2.35,test,delaney
72,<delaney>|Clc1ccc(cc1Cl)c2ccccc2,-6.39,test,delaney
73,<delaney>|c1ccc2c3c(ccc2c1)c4cccc5cccc3c45,-8.0,test,delaney
74,<delaney>|Clc1cccc(Cl)c1c2c(Cl)cccc2Cl,-7.39,test,delaney
75,<delaney>|C1Cc2c3c1cccc3cc4c2ccc5ccccc54,-7.85,test,delaney
76,<delaney>|Oc1ccccc1N(=O)=O,-1.74,test,delaney
77,<delaney>|C1CCc2ccccc2C1,-4.37,test,delaney
78,<delaney>|CC(Cl)CCl,-1.6,test,delaney
79,<delaney>|CC(C)Cl,-1.41,test,delaney
80,<delaney>|CCCC(=O)OCC,-1.36,test,delaney
81,<delaney>|CCOc1ccc(cc1)C(C)(C)COCc3cccc(Oc2ccccc2)c3,-8.6,test,delaney
82,<delaney>|CC(C)(C)C(=O)C(Oc1ccc(Cl)cc1)n2cncn2,-3.61,test,delaney
83,<delaney>|Cc1cc(C)cc(C)c1,-3.4,test,delaney
84,<delaney>|OCC1OC(OC2C(O)C(O)C(O)OC2CO)C(O)C(O)C1O,-0.244,test,delaney
85,<delaney>|Clc1cccc(Cl)c1Cl,-4.0,test,delaney
86,<delaney>|CC12CC(O)C3C(CCC4=CC(=O)CCC34C)C2CCC1(O)C(=O)CO,-3.09,test,delaney
87,<delaney>|CCCCl,-1.47,test,delaney
88,<delaney>|CCCCCCl,-2.73,test,delaney
89,<delaney>|Clc1cc(c(Cl)c(Cl)c1Cl)c2cc(Cl)c(Cl)c(Cl)c2Cl,-9.16,test,delaney
90,<delaney>|COP(=O)(NC(C)=O)SC,0.54,test,delaney
91,<delaney>|CC1(C)C(C=C(Cl)Cl)C1C(=O)OC(C#N)c2cccc(Oc3ccccc3)c2,-8.017000000000001,test,delaney
92,<delaney>|O=C2NC(=O)C1(CCC1)C(=O)N2,-1.655,test,delaney
93,<delaney>|c1cc2ccc(OC)c(CC=C(C)(C))c2oc1=O,-4.314,test,delaney
94,<delaney>|Oc1c(Br)cc(C#N)cc1Br,-3.33,test,delaney
95,<delaney>|FC(F)(F)c1cccc(c1)N2CC(CCl)C(Cl)C2=O,-4.047,test,delaney
96,<delaney>|ClCCBr,-1.32,test,delaney
97,<delaney>|C=Cc1ccccc1,-2.82,test,delaney
98,<delaney>|C1c2ccccc2c3ccc4ccccc4c13,-6.68,test,delaney
99,<delaney>|COCCCNc1nc(NC(C)C)nc(SC)n1,-2.928,test,delaney
100,<delaney>|CCN(Cc1c(F)cccc1Cl)c2c(cc(cc2N(=O)=O)C(F)(F)F)N(=O)=O,-6.78,test,delaney
101,<delaney>|CCCCOC(=O)c1ccccc1C(=O)OCCCC,-4.4,test,delaney
102,<delaney>|Nc1ccc(cc1)c2ccc(N)cc2,-2.7,test,delaney
103,<delaney>|CC12CCC3C(CCC4=CC(=O)CCC34C)C2CCC1C(=O)CO,-3.45,test,delaney
104,<delaney>|c2ccc1[nH]nnc1c2,-0.78,test,delaney
105,<delaney>|c1ccc2c(c1)cnc3ccccc23,-2.78,test,delaney
106,<delaney>|CCCO,0.62,test,delaney
107,<delaney>|Clc1ccc(Cl)c(c1)c2cc(Cl)c(Cl)c(Cl)c2Cl,-7.68,test,delaney
108,<delaney>|CCC(C)(O)CC,-0.36,test,delaney
109,<delaney>|BrCBr,-1.17,test,delaney
110,<delaney>|CC(C#C)N(C)C(=O)Nc1ccc(Cl)cc1,-3.9,test,delaney
111,<delaney>|CCOC(C)OCC,-0.43,test,delaney
112,<delaney>|Cc1cc(C)c(C)cc1C,-4.59,test,delaney
0,<delaney>|CC(=O)CC(c1ccccc1)c3c(O)c2ccccc2oc3=O,-3.893,valid,delaney
1,<delaney>|CN(C)C(=O)Nc1ccc(C)c(Cl)c1,-3.483,valid,delaney
2,<delaney>|C1CCCCCC1,-3.51,valid,delaney
3,<delaney>|CCCCCCCCC(=O)OCC,-3.8,valid,delaney
4,<delaney>|CC(Cl)(Cl)Cl,-2.0,valid,delaney
5,<delaney>|Nc1cccc2ccccc12,-1.92,valid,delaney
6,<delaney>|CCCCCCCCl,-4.0,valid,delaney
7,<delaney>|COc2c1occc1cc3ccc(=O)oc23,-3.664,valid,delaney
8,<delaney>|CCCCI,-2.96,valid,delaney
9,<delaney>|CCNc1ccccc1,-1.7,valid,delaney
10,<delaney>|Nc1ncnc2nc[nH]c12,-2.12,valid,delaney
11,<delaney>|COP(=O)(OC)OC(Br)C(Cl)(Cl)Br,-2.28,valid,delaney
12,<delaney>|COc1ccccc1O,-1.96,valid,delaney
13,<delaney>|CCCCCCC(=O)OCC,-2.74,valid,delaney
14,<delaney>|CCOC(=O)N,0.85,valid,delaney
15,<delaney>|CCCBr,-1.73,valid,delaney
16,<delaney>|CC(=O)C1(O)CCC2C3CCC4=CC(=O)CCC4(C)C3CCC21C,-3.817,valid,delaney
17,<delaney>|Cc1ccccc1N,-2.21,valid,delaney
18,<delaney>|N#Cc1ccccc1,-1.0,valid,delaney
19,<delaney>|CN(C)C(=O)Nc1ccc(Cl)c(Cl)c1,-3.8,valid,delaney
20,<delaney>|CC34CCC1C(CCc2cc(O)ccc12)C3CCC4(O)C#C,-4.3,valid,delaney
21,<delaney>|CC(C)=CCCC(O)(C)C=C,-1.99,valid,delaney
22,<delaney>|OCCCC=C,-0.15,valid,delaney
23,<delaney>|CN(C)C(=O)OC1=CC(=O)CC(C)(C)C1,-0.85,valid,delaney
24,<delaney>|Ic1ccccc1,-3.01,valid,delaney
25,<delaney>|CCCC(C)C1(CC)C(=O)NC(=S)NC1=O,-3.36,valid,delaney
26,<delaney>|Cc1[nH]c(=O)n(c(=O)c1Cl)C(C)(C)C,-2.484,valid,delaney
27,<delaney>|CC34CCC1C(CCC2=CC(=O)CCC12C)C3CCC4=O,-3.69,valid,delaney
28,<delaney>|Cc1c2ccccc2c(C)c3ccc4ccccc4c13,-7.02,valid,delaney
29,<delaney>|OCCOc1ccccc1,-0.7,valid,delaney
30,<delaney>|CC1=CCCCC1,-3.27,valid,delaney
31,<delaney>|CCCCN(CC)C(=O)SCCC,-3.53,valid,delaney
32,<delaney>|CC#N,0.26,valid,delaney
33,<delaney>|C(c1ccccc1)c2ccccc2,-4.08,valid,delaney
34,<delaney>|CCCC#C,-1.64,valid,delaney
35,<delaney>|c1ccc2c(c1)sc3ccccc23,-4.38,valid,delaney
36,<delaney>|c1cccc2c3c(C)cc4ccccc4c3ccc12,-6.59,valid,delaney
37,<delaney>|O=C1NC(=O)NC(=O)C1(CC)CC,-2.4,valid,delaney
38,<delaney>|CCCN(CCC)c1c(cc(cc1N(=O)=O)C(C)C)N(=O)=O,-6.49,valid,delaney
39,<delaney>|Oc1c(Cl)cc(Cl)c(Cl)c1Cl,-3.1,valid,delaney
40,<delaney>|COc1ccc(C=O)cc1,-1.49,valid,delaney
41,<delaney>|CCC1(CCC(C)C)C(=O)NC(=O)NC1=O,-2.468,valid,delaney
42,<delaney>|CC(C)c1ccc(NC(=O)N(C)C)cc1,-3.536,valid,delaney
43,<delaney>|c3ccc2nc1ccccc1cc2c3,-3.67,valid,delaney
44,<delaney>|O=c2[nH]c1CCCc1c(=O)n2C3CCCCC3,-4.593999999999999,valid,delaney
45,<delaney>|O=C2NC(=O)C1(CC1)C(=O)N2,-1.886,valid,delaney
46,<delaney>|COc1cc(CC=C)ccc1O,-1.56,valid,delaney
47,<delaney>|Fc1cccc(F)c1C(=O)NC(=O)Nc2ccc(Cl)cc2,-6.02,valid,delaney
48,<delaney>|CCCCOCCCC,-1.85,valid,delaney
49,<delaney>|CC1CCCC1,-3.3,valid,delaney
50,<delaney>|Cc1ccccc1Br,-2.23,valid,delaney
51,<delaney>|Nc1cc[nH]c(=O)n1,-1.155,valid,delaney
52,<delaney>|N(=Nc1ccccc1)c2ccccc2,-4.45,valid,delaney
53,<delaney>|O=Cc1ccccc1,-1.19,valid,delaney
54,<delaney>|CCCC(C)(C)C,-4.36,valid,delaney
55,<delaney>|Clc1ccccc1Cl,-3.05,valid,delaney
56,<delaney>|CCC(=O)Nc1ccc(Cl)c(Cl)c1,-3.0,valid,delaney
57,<delaney>|Cc1cccc(C)c1NC(=O)c2cc(c(Cl)cc2O)S(N)(=O)=O,-3.79,valid,delaney
58,<delaney>|FC(F)(Cl)C(F)(Cl)Cl,-3.04,valid,delaney
59,<delaney>|C1CC=CC1,-2.1,valid,delaney
60,<delaney>|Cc1ncc(N(=O)=O)n1CCO,-1.26,valid,delaney
61,<delaney>|FC(F)(F)c1ccccc1,-2.51,valid,delaney
62,<delaney>|Cc2cccc3sc1nncn1c23,-2.07,valid,delaney
63,<delaney>|CCOC(=O)Nc2cccc(OC(=O)Nc1ccccc1)c2,-4.632,valid,delaney
64,<delaney>|CCCCOC=O,-1.37,valid,delaney
65,<delaney>|OCC(O)CO,1.12,valid,delaney
66,<delaney>|c1cc2ccc3cccc4ccc(c1)c2c34,-6.176,valid,delaney
67,<delaney>|CCOc1ccc(NC(=O)C)cc1,-2.35,valid,delaney
68,<delaney>|CCCCc1c(C)nc(NCC)nc1OS(=O)(=O)N(C)C,-4.16,valid,delaney
69,<delaney>|c1ccc2ccccc2c1,-3.6,valid,delaney
70,<delaney>|CCN2c1ccccc1N(C)C(=O)c3ccccc23,-4.749,valid,delaney
71,<delaney>|Nc1ccccc1N(=O)=O,-1.96,valid,delaney
72,<delaney>|ClCCl,-0.63,valid,delaney
73,<delaney>|CCC#C,-1.24,valid,delaney
74,<delaney>|c1ccccc1C(O)c2ccccc2,-2.55,valid,delaney
75,<delaney>|Nc1nc[nH]n1,0.522,valid,delaney
76,<delaney>|CC(C)Oc1cc(c(Cl)cc1Cl)n2nc(oc2=O)C(C)(C)C,-5.696000000000001,valid,delaney
77,<delaney>|Clc1ccc(cc1)c2ccccc2Cl,-5.28,valid,delaney
78,<delaney>|Cc1c2ccccc2cc3ccccc13,-5.89,valid,delaney
79,<delaney>|CCCCCCCC(=O)OCC,-3.39,valid,delaney
80,<delaney>|CCOP(=S)(OCC)SC(CCl)N2C(=O)c1ccccc1C2=O,-6.34,valid,delaney
81,<delaney>|CCC(C)C,-3.18,valid,delaney
82,<delaney>|CCCCCCCCCC(C)O,-2.94,valid,delaney
83,<delaney>|CCC(C)C1(CC(Br)=C)C(=O)NC(=O)NC1=O,-2.647,valid,delaney
84,<delaney>|O=C(C=CC=Cc2ccc1OCOc1c2)N3CCCCC3,-3.46,valid,delaney
85,<delaney>|O=C1NC(=O)NC(=O)C1(C)CC=C,-1.16,valid,delaney
86,<delaney>|CC(=C)C=C,-2.03,valid,delaney
87,<delaney>|c1cc2ccc3ccc4ccc5ccc6ccc1c7c2c3c4c5c67,-9.332,valid,delaney
88,<delaney>|CC34CC(=O)C1C(CCC2=CC(=O)CCC12C)C3CCC4(=O),-3.48,valid,delaney
89,<delaney>|Nc1ccc(Cl)cc1,-1.66,valid,delaney
90,<delaney>|Cc1c(cc(cc1N(=O)=O)N(=O)=O)N(=O)=O,-3.22,valid,delaney
91,<delaney>|CN(C)C(=O)C,1.11,valid,delaney
92,<delaney>|NC(N)=NC#N,-0.31,valid,delaney
93,<delaney>|Nc3cc2c1ccccc1ccc2c4ccccc34,-6.2,valid,delaney
94,<delaney>|NC(=O)c1ccccc1O,-1.82,valid,delaney
95,<delaney>|CCCCC(=O)OC3(C(C)CC4C2CCC1=CC(=O)C=CC1(C)C2(F)C(O)CC34C)C(=O)CO,-4.71,valid,delaney
96,<delaney>|COc1ccc(NC(=O)N(C)C)cc1Cl,-2.564,valid,delaney
97,<delaney>|CN(C)c1ccccc1,-1.92,valid,delaney
98,<delaney>|CCC1CCCCC1,-4.25,valid,delaney
99,<delaney>|CC(C)C(C)O,-0.18,valid,delaney
100,<delaney>|CNC(=O)Oc1ccccc1OC(C)C,-2.05,valid,delaney
101,<delaney>|CC(C)NC(=O)N1CC(=O)N(C1=O)c2cc(Cl)cc(Cl)c2,-4.376,valid,delaney
102,<delaney>|CCN2c1nc(C)cc(C)c1NC(=O)c3cccnc23,-4.553999999999999,valid,delaney
103,<delaney>|COc5cc4OCC3Oc2c1CC(Oc1ccc2C(=O)C3c4cc5OC)C(C)=C,-4.42,valid,delaney
104,<delaney>|Clc1ccc(Br)cc1,-3.63,valid,delaney
105,<delaney>|CC(C)OC(=O)Nc1cccc(Cl)c1,-3.38,valid,delaney
106,<delaney>|CN(C)C(=O)Nc1ccccc1,-1.6,valid,delaney
107,<delaney>|NC(=S)N,0.32,valid,delaney
108,<delaney>|CCC(CC)C=O,-1.52,valid,delaney
109,<delaney>|Cn2c(=O)n(C)c1ncn(CC(O)CO)c1c2=O,-0.17,valid,delaney
110,<delaney>|c1ccc2c(c1)cc3ccc4cccc5ccc2c3c45,-8.699,valid,delaney
111,<delaney>|CC(=C)C,-2.33,valid,delaney
112,<delaney>|c1ccc2cc3c4cccc5cccc(c3cc2c1)c45,-8.49,valid,delaney
